{
	"parent": "item/handheld",
	"textures": {
		"layer0": "item/diamond_sword"
	},

	"overrides": [
		{
			"predicate": { "custom_model_data": 1 },
			"model": "item/misc/firstsword"
		},
		{
			"predicate": { "custom_model_data": 2 },
			"model": "item/misc/vs_ashbringer"
		},
		{
			"predicate": { "custom_model_data": 3 },
			"model": "item/misc/vs_eswords_1"
		},
		{
			"predicate": { "custom_model_data": 4 },
			"model": "item/misc/vs_eswords_2"
		},
		{
			"predicate": { "custom_model_data": 5 },
			"model": "item/misc/vs_eswords_3"
		},
		{
			"predicate": { "custom_model_data": 6 },
			"model": "item/misc/vs_eswords_4"
		},
		{
			"predicate": { "custom_model_data": 7 },
			"model": "item/misc/vs_eswords_5"
		},
		{
			"predicate": { "custom_model_data": 8 },
			"model": "item/misc/idoshimshons_guantlet"
		},
		{
			"predicate": { "custom_model_data": 9 },
			"model": "item/misc/clown_sword"
		},
		{
			"predicate": { "custom_model_data": 10 },
			"model": "item/misc/demon_sword"
		},
		{
			"predicate": { "custom_model_data": 11 },
			"model": "item/misc/king_sword"
		}
	]
}