{
	"credit": "Made with Blockbench",
	"textures": {
		"0": "item/sord",
		"particle": "item/sord"
	},
	"elements": [
		{
			"from": [7, 0, 8],
			"to": [9, 2, 9],
			"faces": {
				"north": {"uv": [4, 0, 5, 1], "texture": "#0"},
				"east": {"uv": [5.5, 2.5, 6, 3.5], "texture": "#0"},
				"south": {"uv": [4, 1, 5, 2], "texture": "#0"},
				"west": {"uv": [3.5, 5.5, 4, 6.5], "texture": "#0"},
				"up": {"uv": [6.5, 4, 5.5, 3.5], "texture": "#0"},
				"down": {"uv": [5, 5.5, 4, 6], "texture": "#0"}
			}
		},
		{
			"from": [7.475, 2, 8],
			"to": [8.475, 6, 9],
			"faces": {
				"north": {"uv": [0.5, 5, 1, 7], "texture": "#0"},
				"east": {"uv": [1, 5, 1.5, 7], "texture": "#0"},
				"south": {"uv": [1.5, 5, 2, 7], "texture": "#0"},
				"west": {"uv": [5, 4.5, 5.5, 6.5], "texture": "#0"},
				"up": {"uv": [6.5, 3, 6, 2.5], "texture": "#0"},
				"down": {"uv": [3.5, 6, 3, 6.5], "texture": "#0"}
			}
		},
		{
			"from": [5.925, 6, 8],
			"to": [9.925, 7, 9],
			"faces": {
				"north": {"uv": [5.5, 0, 7.5, 0.5], "texture": "#0"},
				"east": {"uv": [6, 3, 6.5, 3.5], "texture": "#0"},
				"south": {"uv": [5.5, 0.5, 7.5, 1], "texture": "#0"},
				"west": {"uv": [4, 6, 4.5, 6.5], "texture": "#0"},
				"up": {"uv": [7.5, 1.5, 5.5, 1], "texture": "#0"},
				"down": {"uv": [7.5, 1.5, 5.5, 2], "texture": "#0"}
			}
		},
		{
			"from": [2.075, 11.15, 8.1],
			"to": [3.525, 11.85, 8.9],
			"rotation": {"angle": -45, "axis": "z", "origin": [0, 0, 0]},
			"faces": {
				"north": {"uv": [6, 4, 6.5, 4.5], "texture": "#0"},
				"east": {"uv": [4.5, 6, 5, 6.5], "texture": "#0"},
				"south": {"uv": [6, 4.5, 6.5, 5], "texture": "#0"},
				"west": {"uv": [6, 5, 6.5, 5.5], "texture": "#0"},
				"up": {"uv": [6, 6.5, 5.5, 6], "texture": "#0"},
				"down": {"uv": [6.5, 5.5, 6, 6], "texture": "#0"}
			}
		},
		{
			"from": [10.16, 5.25, 8.1],
			"to": [10.86, 5.9, 8.9],
			"faces": {
				"north": {"uv": [6, 6, 6.5, 6.5], "texture": "#0"},
				"east": {"uv": [6.5, 2.5, 7, 3], "texture": "#0"},
				"south": {"uv": [3, 6.5, 3.5, 7], "texture": "#0"},
				"west": {"uv": [6.5, 3, 7, 3.5], "texture": "#0"},
				"up": {"uv": [4, 7, 3.5, 6.5], "texture": "#0"},
				"down": {"uv": [7, 3.5, 6.5, 4], "texture": "#0"}
			}
		},
		{
			"from": [-1.575, 8.575, 8.1],
			"to": [-0.175, 9.275, 8.9],
			"rotation": {"angle": -45, "axis": "z", "origin": [0, 0, 0]},
			"faces": {
				"north": {"uv": [4, 6.5, 4.5, 7], "texture": "#0"},
				"east": {"uv": [6.5, 4, 7, 4.5], "texture": "#0"},
				"south": {"uv": [4.5, 6.5, 5, 7], "texture": "#0"},
				"west": {"uv": [6.5, 4.5, 7, 5], "texture": "#0"},
				"up": {"uv": [5.5, 7, 5, 6.5], "texture": "#0"},
				"down": {"uv": [7, 5, 6.5, 5.5], "texture": "#0"}
			}
		},
		{
			"from": [6.475, 7, 8.45],
			"to": [9.475, 11, 8.45],
			"faces": {
				"north": {"uv": [2, 3.5, 3.5, 5.5], "texture": "#0"},
				"east": {"uv": [0, 0, 0, 2], "texture": "#0"},
				"south": {"uv": [3.5, 3.5, 5, 5.5], "texture": "#0"},
				"west": {"uv": [0, 0, 0, 2], "texture": "#0"},
				"up": {"uv": [1.5, 0, 0, 0], "texture": "#0"},
				"down": {"uv": [1.5, 0, 0, 0], "texture": "#0"}
			}
		},
		{
			"from": [7.475, 11, 8.45],
			"to": [9.475, 21, 8.45],
			"faces": {
				"north": {"uv": [0, 0, 1, 5], "texture": "#0"},
				"east": {"uv": [0, 0, 0, 5], "texture": "#0"},
				"south": {"uv": [1, 0, 2, 5], "texture": "#0"},
				"west": {"uv": [0, 0, 0, 5], "texture": "#0"},
				"up": {"uv": [1, 0, 0, 0], "texture": "#0"},
				"down": {"uv": [1, 0, 0, 0], "texture": "#0"}
			}
		},
		{
			"from": [6.475, 15, 8.45],
			"to": [7.475, 17, 8.45],
			"faces": {
				"north": {"uv": [5.5, 4, 6, 5], "texture": "#0"},
				"east": {"uv": [0, 0, 0, 1], "texture": "#0"},
				"south": {"uv": [5.5, 5, 6, 6], "texture": "#0"},
				"west": {"uv": [0, 0, 0, 1], "texture": "#0"},
				"up": {"uv": [0.5, 0, 0, 0], "texture": "#0"},
				"down": {"uv": [0.5, 0, 0, 0], "texture": "#0"}
			}
		},
		{
			"from": [5.475, 17, 8.45],
			"to": [7.475, 24, 8.45],
			"faces": {
				"north": {"uv": [2, 0, 3, 3.5], "texture": "#0"},
				"east": {"uv": [0, 0, 0, 3.5], "texture": "#0"},
				"south": {"uv": [3, 0, 4, 3.5], "texture": "#0"},
				"west": {"uv": [0, 0, 0, 3.5], "texture": "#0"},
				"up": {"uv": [1, 0, 0, 0], "texture": "#0"},
				"down": {"uv": [1, 0, 0, 0], "texture": "#0"}
			}
		},
		{
			"from": [4.475, 21, 8.45],
			"to": [5.475, 24, 8.45],
			"faces": {
				"north": {"uv": [4, 2, 4.5, 3.5], "texture": "#0"},
				"east": {"uv": [0, 0, 0, 1.5], "texture": "#0"},
				"south": {"uv": [4.5, 2, 5, 3.5], "texture": "#0"},
				"west": {"uv": [0, 0, 0, 1.5], "texture": "#0"},
				"up": {"uv": [0.5, 0, 0, 0], "texture": "#0"},
				"down": {"uv": [0.5, 0, 0, 0], "texture": "#0"}
			}
		},
		{
			"from": [3.475, 24, 8.45],
			"to": [6.475, 24.525, 8.45],
			"faces": {
				"north": {"uv": [2, 5.5, 3.5, 6], "texture": "#0"},
				"east": {"uv": [0, 0, 0, 0.5], "texture": "#0"},
				"south": {"uv": [5.5, 2, 7, 2.5], "texture": "#0"},
				"west": {"uv": [0, 0, 0, 0.5], "texture": "#0"},
				"up": {"uv": [1.5, 0, 0, 0], "texture": "#0"},
				"down": {"uv": [1.5, 0, 0, 0], "texture": "#0"}
			}
		},
		{
			"from": [7.475, 21, 8.45],
			"to": [8.475, 23, 8.45],
			"faces": {
				"north": {"uv": [2, 6, 2.5, 7], "texture": "#0"},
				"east": {"uv": [0, 0, 0, 1], "texture": "#0"},
				"south": {"uv": [2.5, 6, 3, 7], "texture": "#0"},
				"west": {"uv": [0, 0, 0, 1], "texture": "#0"},
				"up": {"uv": [0.5, 0, 0, 0], "texture": "#0"},
				"down": {"uv": [0.5, 0, 0, 0], "texture": "#0"}
			}
		},
		{
			"from": [9.475, 9, 8.45],
			"to": [10.475, 18, 8.45],
			"faces": {
				"north": {"uv": [0, 5, 0.5, 9.5], "texture": "#0"},
				"east": {"uv": [0, 0, 0, 4.5], "texture": "#0"},
				"south": {"uv": [5, 0, 5.5, 4.5], "texture": "#0"},
				"west": {"uv": [0, 0, 0, 4.5], "texture": "#0"},
				"up": {"uv": [0.5, 0, 0, 0], "texture": "#0"},
				"down": {"uv": [0.5, 0, 0, 0], "texture": "#0"}
			}
		}
	],
	"display": {
		"thirdperson_righthand": {
			"rotation": [46, 89, -43],
			"translation": [0, 3, 2.5],
			"scale": [1.28125, 1.28125, 1.28125]
		},
		"firstperson_righthand": {
			"rotation": [0, 109, 0],
			"translation": [0.5, 3, 0.25],
			"scale": [0.7, 0.7, 0.7]
		},
		"ground": {
			"rotation": [41, 84, 0],
			"scale": [0.7, 0.7, 0.7]
		},
		"gui": {
			"rotation": [-12, -24, -49],
			"translation": [-1.5, -2.75, 0],
			"scale": [0.7, 0.7, 0.7]
		},
		"head": {
			"rotation": [0, -88, 0],
			"translation": [2.25, 38.25, 0],
			"scale": [4, 4, 4]
		},
		"fixed": {
			"translation": [0, -2.75, 0]
		}
	},
	"groups": [
		{
			"name": "group",
			"origin": [8, 8, 8],
			"color": 0,
			"children": [
				0,
				1,
				2,
				3,
				4,
				5,
				{
					"name": "group",
					"origin": [8, 8, 8],
					"color": 0,
					"children": [6, 7, 8, 9, 10, 11, 12, 13]
				}
			]
		}
	]
}