{
	"credit": "Made with Blockbench",
	"texture_size": [32, 32],
	"textures": {
		"0": "item/demonswordboxpvp",
		"particle": "item/demonswordboxpvp"
	},
	"elements": [
		{
			"from": [7.5, 9, 6],
			"to": [8.5, 29, 11],
			"rotation": {"angle": 0, "axis": "y", "origin": [0, -4, 0]},
			"faces": {
				"north": {"uv": [5, 0, 5.5, 10], "texture": "#0"},
				"east": {"uv": [5, 0, 2.5, 10], "texture": "#0"},
				"south": {"uv": [5.5, 0, 6, 10], "texture": "#0"},
				"west": {"uv": [2.5, 0, 5, 10], "texture": "#0"},
				"up": {"uv": [5, 12.5, 4.5, 10], "texture": "#0"},
				"down": {"uv": [5.5, 10, 5, 12.5], "texture": "#0"}
			}
		},
		{
			"from": [7, -4, 7],
			"to": [9, -1, 10],
			"rotation": {"angle": 45, "axis": "x", "origin": [8, -2.5, 8.5]},
			"faces": {
				"north": {"uv": [1.5, 10, 2.5, 11.5], "texture": "#0"},
				"east": {"uv": [11.5, 0, 10, 1.5], "texture": "#0"},
				"south": {"uv": [10, 1.5, 11, 3], "texture": "#0"},
				"west": {"uv": [10, 0, 11.5, 1.5], "texture": "#0"},
				"up": {"uv": [3.5, 11.5, 2.5, 10], "texture": "#0"},
				"down": {"uv": [4.5, 10, 3.5, 11.5], "texture": "#0"}
			}
		},
		{
			"from": [7.05, -3, 7.5],
			"to": [8.95, 7, 9.5],
			"rotation": {"angle": 0, "axis": "y", "origin": [0, -4, 0]},
			"faces": {
				"north": {"uv": [6, 0, 7, 5], "texture": "#0"},
				"east": {"uv": [6, 5, 7, 10], "texture": "#0"},
				"south": {"uv": [7, 0, 8, 5], "texture": "#0"},
				"west": {"uv": [7, 5, 8, 10], "texture": "#0"},
				"up": {"uv": [11, 4, 10, 3], "texture": "#0"},
				"down": {"uv": [8, 10, 7, 11], "texture": "#0"}
			}
		},
		{
			"from": [7, 7, 4.5],
			"to": [9, 9, 12.5],
			"rotation": {"angle": 0, "axis": "y", "origin": [0, -4, 0]},
			"faces": {
				"north": {"uv": [8, 10, 9, 11], "texture": "#0"},
				"east": {"uv": [8, 4, 12, 5], "texture": "#0"},
				"south": {"uv": [10, 8, 11, 9], "texture": "#0"},
				"west": {"uv": [8, 5, 12, 6], "texture": "#0"},
				"up": {"uv": [9, 10, 8, 6], "texture": "#0"},
				"down": {"uv": [10, 6, 9, 10], "texture": "#0"}
			}
		},
		{
			"from": [7.455, 28.25, 9.25],
			"to": [8.505, 31.75, 12.75],
			"rotation": {"angle": 45, "axis": "x", "origin": [8, 32.5, 8.5]},
			"faces": {
				"north": {"uv": [5.5, 10, 6, 12], "texture": "#0"},
				"east": {"uv": [10, 2, 8, 4], "texture": "#0"},
				"south": {"uv": [6, 10, 6.5, 12], "texture": "#0"},
				"west": {"uv": [8, 2, 10, 4], "texture": "#0"},
				"up": {"uv": [10.5, 8, 10, 6], "texture": "#0"},
				"down": {"uv": [7, 10, 6.5, 12], "texture": "#0"}
			}
		}
	],
	"display": {
		"thirdperson_righthand": {
			"translation": [0, 2, 1.5],
			"scale": [0.9, 0.9, 0.9]
		},
		"firstperson_righthand": {
			"translation": [4, 0, -2.75],
			"scale": [0.7, 0.7, 0.7]
		},
		"ground": {
			"rotation": [54, -14, 5],
			"scale": [0.5, 0.5, 0.5]
		},
		"gui": {
			"rotation": [53, 41, -73],
			"translation": [-2.25, -2.25, 0],
			"scale": [0.5, 0.5, 0.5]
		}
	}
}