{
	"credit": "Made with Blockbench",
	"texture_size": [32, 32],
	"textures": {
		"0": "item/firstswordtexture",
		"particle": "item/firstswordtexture"
	},
	"elements": [
		{
			"from": [8, -16, 7.5],
			"to": [8, -15, 8.5],
			"rotation": {"angle": 0, "axis": "y", "origin": [8, -19, 8]},
			"faces": {
				"north": {"uv": [0, 0, 0, 0.5], "texture": "#0"},
				"east": {"uv": [12, 2.5, 12.5, 3], "texture": "#0"},
				"south": {"uv": [0, 0, 0, 0.5], "texture": "#0"},
				"west": {"uv": [12, 3, 12.5, 3.5], "texture": "#0"},
				"up": {"uv": [0, 0.5, 0, 0], "texture": "#0"},
				"down": {"uv": [0, 0, 0, 0.5], "texture": "#0"}
			}
		},
		{
			"from": [7, -15, 7],
			"to": [9, -7, 9],
			"rotation": {"angle": 0, "axis": "y", "origin": [0, -20, 0]},
			"faces": {
				"north": {"uv": [7, 4, 6, 8], "texture": "#0"},
				"east": {"uv": [6, 4, 7, 8], "texture": "#0"},
				"south": {"uv": [7, 4, 6, 8], "texture": "#0"},
				"west": {"uv": [6, 4, 7, 8], "texture": "#0"},
				"up": {"uv": [11.5, 1, 10.5, 0], "texture": "#0"},
				"down": {"uv": [11.5, 1, 10.5, 2], "texture": "#0"}
			}
		},
		{
			"from": [6.5, -7, 6.5],
			"to": [9.5, -3, 9.5],
			"rotation": {"angle": 0, "axis": "y", "origin": [0, -20, 0]},
			"faces": {
				"north": {"uv": [6.5, 0, 8, 2], "texture": "#0"},
				"east": {"uv": [7, 6, 8.5, 8], "texture": "#0"},
				"south": {"uv": [7, 4, 8.5, 6], "texture": "#0"},
				"west": {"uv": [7, 6, 8.5, 8], "texture": "#0"},
				"up": {"uv": [9.5, 3.5, 8, 2], "texture": "#0"},
				"down": {"uv": [4.5, 8, 3, 9.5], "texture": "#0"}
			}
		},
		{
			"from": [7.5, -4, 4.5],
			"to": [8.5, 0, 11.5],
			"rotation": {"angle": 0, "axis": "y", "origin": [0, -20, 0]},
			"faces": {
				"north": {"uv": [10.5, 8.5, 11, 10.5], "texture": "#0"},
				"east": {"uv": [3, 2, 6.5, 4], "texture": "#0"},
				"south": {"uv": [10.5, 10.5, 11, 12.5], "texture": "#0"},
				"west": {"uv": [3, 2, 6.5, 4], "texture": "#0"},
				"up": {"uv": [6.5, 13, 6, 9.5], "texture": "#0"},
				"down": {"uv": [7, 9.5, 6.5, 13], "texture": "#0"}
			}
		},
		{
			"from": [7.5, -7, 3.5],
			"to": [8.5, -1, 4.5],
			"rotation": {"angle": 0, "axis": "y", "origin": [0, -20, 0]},
			"faces": {
				"north": {"uv": [7, 9.5, 7.5, 12.5], "texture": "#0"},
				"east": {"uv": [8.5, 9.5, 9, 12.5], "texture": "#0"},
				"south": {"uv": [8, 9.5, 8.5, 12.5], "texture": "#0"},
				"west": {"uv": [8.5, 9.5, 9, 12.5], "texture": "#0"},
				"up": {"uv": [12.5, 4, 12, 3.5], "texture": "#0"},
				"down": {"uv": [12.5, 4, 12, 4.5], "texture": "#0"}
			}
		},
		{
			"from": [7.5, -8, 4.5],
			"to": [8.5, -4, 5.5],
			"rotation": {"angle": 0, "axis": "y", "origin": [0, -20, 0]},
			"faces": {
				"north": {"uv": [11, 2, 11.5, 4], "texture": "#0"},
				"east": {"uv": [3.5, 11, 4, 13], "texture": "#0"},
				"south": {"uv": [3.5, 11, 4, 13], "texture": "#0"},
				"west": {"uv": [4, 11, 4.5, 13], "texture": "#0"},
				"up": {"uv": [12.5, 5, 12, 4.5], "texture": "#0"},
				"down": {"uv": [12.5, 5, 12, 5.5], "texture": "#0"}
			}
		},
		{
			"from": [7.5, -8, 10.5],
			"to": [8.5, -4, 11.5],
			"rotation": {"angle": 0, "axis": "y", "origin": [0, -20, 0]},
			"faces": {
				"north": {"uv": [11, 4, 11.5, 6], "texture": "#0"},
				"east": {"uv": [4, 11, 4.5, 13], "texture": "#0"},
				"south": {"uv": [5, 11, 5.5, 13], "texture": "#0"},
				"west": {"uv": [5.5, 11, 6, 13], "texture": "#0"},
				"up": {"uv": [12.5, 6, 12, 5.5], "texture": "#0"},
				"down": {"uv": [12.5, 6, 12, 6.5], "texture": "#0"}
			}
		},
		{
			"from": [7.5, -7, 11.5],
			"to": [8.5, -1, 12.5],
			"rotation": {"angle": 0, "axis": "y", "origin": [0, -20, 0]},
			"faces": {
				"north": {"uv": [9, 9.5, 9.5, 12.5], "texture": "#0"},
				"east": {"uv": [10, 9.5, 10.5, 12.5], "texture": "#0"},
				"south": {"uv": [10, 3.5, 10.5, 6.5], "texture": "#0"},
				"west": {"uv": [10, 9.5, 10.5, 12.5], "texture": "#0"},
				"up": {"uv": [12.5, 7, 12, 6.5], "texture": "#0"},
				"down": {"uv": [12.5, 7, 12, 7.5], "texture": "#0"}
			}
		},
		{
			"from": [7.5, -5, 2.5],
			"to": [8.5, -2, 3.5],
			"rotation": {"angle": 0, "axis": "y", "origin": [0, -20, 0]},
			"faces": {
				"north": {"uv": [10, 6.5, 10.5, 8], "texture": "#0"},
				"east": {"uv": [11, 9, 11.5, 10.5], "texture": "#0"},
				"south": {"uv": [11, 7.5, 11.5, 9], "texture": "#0"},
				"west": {"uv": [11, 9, 11.5, 10.5], "texture": "#0"},
				"up": {"uv": [12.5, 11, 12, 10.5], "texture": "#0"},
				"down": {"uv": [11.5, 12, 11, 12.5], "texture": "#0"}
			}
		},
		{
			"from": [7.5, -5, 12.5],
			"to": [8.5, -2, 13.5],
			"rotation": {"angle": 0, "axis": "y", "origin": [0, -20, 0]},
			"faces": {
				"north": {"uv": [11, 10.5, 11.5, 12], "texture": "#0"},
				"east": {"uv": [11.5, 1.5, 12, 3], "texture": "#0"},
				"south": {"uv": [11.5, 1.5, 12, 3], "texture": "#0"},
				"west": {"uv": [11.5, 3, 12, 4.5], "texture": "#0"},
				"up": {"uv": [12.5, 11.5, 12, 11], "texture": "#0"},
				"down": {"uv": [12.5, 11.5, 12, 12], "texture": "#0"}
			}
		},
		{
			"from": [6.5, -1, 7.5],
			"to": [9.5, 2, 10.5],
			"rotation": {"angle": 45, "axis": "x", "origin": [8, 1.5, 8]},
			"faces": {
				"north": {"uv": [4.5, 8, 6, 9.5], "texture": "#0"},
				"east": {"uv": [8.5, 3.5, 10, 5], "rotation": 90, "texture": "#0"},
				"south": {"uv": [7.5, 8, 9, 9.5], "texture": "#0"},
				"west": {"uv": [8.5, 3.5, 10, 5], "texture": "#0"},
				"up": {"uv": [10, 6.5, 8.5, 5], "texture": "#0"},
				"down": {"uv": [10, 6.5, 8.5, 8], "texture": "#0"}
			}
		},
		{
			"from": [6.5, 2, 9.5],
			"to": [9.5, 5, 10.5],
			"rotation": {"angle": 45, "axis": "x", "origin": [8, 1.5, 8]},
			"faces": {
				"north": {"uv": [9, 8, 10.5, 9.5], "texture": "#0"},
				"east": {"uv": [11.5, 4.5, 12, 6], "texture": "#0"},
				"south": {"uv": [9.5, 2, 11, 3.5], "texture": "#0"},
				"west": {"uv": [11.5, 6, 12, 7.5], "texture": "#0"},
				"up": {"uv": [13, 8, 11.5, 7.5], "texture": "#0"},
				"down": {"uv": [13, 8, 11.5, 8.5], "texture": "#0"}
			}
		},
		{
			"from": [6.5, -1, 4.5],
			"to": [9.5, 0, 7.5],
			"rotation": {"angle": 45, "axis": "x", "origin": [8, 1.5, 8]},
			"faces": {
				"north": {"uv": [11.5, 8.5, 13, 9], "texture": "#0"},
				"east": {"uv": [11.5, 9, 13, 9.5], "texture": "#0"},
				"south": {"uv": [11.5, 9.5, 13, 10], "texture": "#0"},
				"west": {"uv": [11.5, 10, 13, 10.5], "texture": "#0"},
				"up": {"uv": [4.5, 11, 3, 9.5], "texture": "#0"},
				"down": {"uv": [6, 9.5, 4.5, 11], "texture": "#0"}
			}
		},
		{
			"from": [7.5, 0.5, 5.5],
			"to": [8.5, 2.5, 10.5],
			"rotation": {"angle": 0, "axis": "y", "origin": [0, -20, 0]},
			"faces": {
				"north": {"uv": [11.5, 10.5, 12, 11.5], "texture": "#0"},
				"east": {"uv": [8, 1, 10.5, 2], "texture": "#0"},
				"south": {"uv": [11.5, 11.5, 12, 12.5], "texture": "#0"},
				"west": {"uv": [8, 1, 10.5, 2], "texture": "#0"},
				"up": {"uv": [11, 6, 10.5, 3.5], "texture": "#0"},
				"down": {"uv": [11, 6, 10.5, 8.5], "texture": "#0"}
			}
		},
		{
			"from": [8, 2, 6.5],
			"to": [8, 30, 9.5],
			"rotation": {"angle": 0, "axis": "y", "origin": [0, -20, 0]},
			"faces": {
				"north": {"uv": [0, 0, 0, 14], "texture": "#0"},
				"east": {"uv": [3, 0, 1.5, 14], "texture": "#0"},
				"south": {"uv": [0, 0, 0, 14], "texture": "#0"},
				"west": {"uv": [1.5, 0, 3, 14], "texture": "#0"},
				"up": {"uv": [0, 1.5, 0, 0], "texture": "#0"},
				"down": {"uv": [0, 0, 0, 1.5], "texture": "#0"}
			}
		},
		{
			"from": [8, 30, 8.5],
			"to": [8, 32, 9.5],
			"rotation": {"angle": 0, "axis": "y", "origin": [0, -4, 0]},
			"faces": {
				"north": {"uv": [0, 0, 0, 1], "texture": "#0"},
				"east": {"uv": [12, 0, 12.5, 1], "texture": "#0"},
				"south": {"uv": [0, 0, 0, 1], "texture": "#0"},
				"west": {"uv": [12, 1, 12.5, 2], "texture": "#0"},
				"up": {"uv": [0, 0.5, 0, 0], "texture": "#0"},
				"down": {"uv": [0, 0, 0, 0.5], "texture": "#0"}
			}
		},
		{
			"from": [8, 30, 7.5],
			"to": [8, 31, 8.5],
			"rotation": {"angle": 0, "axis": "y", "origin": [0, -4, 0]},
			"faces": {
				"north": {"uv": [0, 0, 0, 0.5], "texture": "#0"},
				"east": {"uv": [8, 3.5, 8.5, 4], "texture": "#0"},
				"south": {"uv": [0, 0, 0, 0.5], "texture": "#0"},
				"west": {"uv": [12, 2, 12.5, 2.5], "texture": "#0"},
				"up": {"uv": [0, 0.5, 0, 0], "texture": "#0"},
				"down": {"uv": [0, 0, 0, 0.5], "texture": "#0"}
			}
		}
	],
	"display": {
		"thirdperson_righthand": {
			"translation": [0, 12.25, 1],
			"scale": [0.75, 0.75, 0.75]
		},
		"firstperson_righthand": {
			"rotation": [-3, -6, 0],
			"translation": [0, 5.25, 0.5],
			"scale": [0.5, 0.5, 0.5]
		},
		"ground": {
			"rotation": [41, 0, 0],
			"translation": [0, 5.25, 0],
			"scale": [0.5, 0.5, 0.5]
		},
		"gui": {
			"rotation": [-101, 133, 95],
			"translation": [0, 0.25, 0],
			"scale": [0.4, 0.4, 0.4]
		}
	}
}