{
	"credit": "Made with Blockbench",
	"texture_size": [32, 32],
	"textures": {
		"0": "item/lobbyitems/gameboytexture",
		"particle": "item/lobbyitems/gameboytexture"
	},
	"elements": [
		{
			"from": [4, 0, 7],
			"to": [12, 12, 9],
			"rotation": {"angle": 0, "axis": "y", "origin": [8, 6, 8]},
			"faces": {
				"north": {"uv": [0, 0, 4, 6], "texture": "#0"},
				"east": {"uv": [0, 6, 1, 12], "texture": "#0"},
				"south": {"uv": [4, 0, 8, 6], "texture": "#0"},
				"west": {"uv": [1, 6, 2, 12], "texture": "#0"},
				"up": {"uv": [6, 7, 2, 6], "texture": "#0"},
				"down": {"uv": [10, 6, 6, 7], "texture": "#0"}
			}
		},
		{
			"from": [5, 6.5, 9],
			"to": [11, 10.5, 9.5],
			"faces": {
				"north": {"uv": [4.5, 0.75, 7.5, 2.75], "texture": "#0"},
				"east": {"uv": [7.25, 0.75, 7.5, 2.75], "texture": "#0"},
				"south": {"uv": [4.5, 0.75, 7.5, 2.75], "texture": "#0"},
				"west": {"uv": [4.5, 0.75, 4.75, 2.75], "texture": "#0"},
				"up": {"uv": [4.5, 0.75, 7.5, 1], "texture": "#0"},
				"down": {"uv": [4.5, 2.5, 7.5, 2.75], "texture": "#0"}
			}
		},
		{
			"from": [8.5, 2.5, 9],
			"to": [9.5, 3.5, 9.2],
			"faces": {
				"north": {"uv": [7, 3.5, 7.5, 4], "texture": "#0"},
				"east": {"uv": [7.25, 3.5, 7.35, 4], "texture": "#0"},
				"south": {"uv": [7, 3.5, 7.5, 4], "texture": "#0"},
				"west": {"uv": [7, 3.5, 7.1, 4], "texture": "#0"},
				"up": {"uv": [7, 3.5, 7.5, 3.6], "texture": "#0"},
				"down": {"uv": [7, 3.75, 7.5, 3.85], "texture": "#0"}
			}
		},
		{
			"from": [10, 4, 9],
			"to": [11, 5, 9.2],
			"faces": {
				"north": {"uv": [7, 3.5, 7.5, 4], "texture": "#0"},
				"east": {"uv": [7.25, 3.5, 7.35, 4], "texture": "#0"},
				"south": {"uv": [7, 3.5, 7.5, 4], "texture": "#0"},
				"west": {"uv": [7, 3.5, 7.1, 4], "texture": "#0"},
				"up": {"uv": [7, 3.5, 7.5, 3.6], "texture": "#0"},
				"down": {"uv": [7, 3.75, 7.5, 3.85], "texture": "#0"}
			}
		},
		{
			"from": [5, 3, 9],
			"to": [5.5, 4.5, 9.3],
			"faces": {
				"north": {"uv": [4.5, 3.75, 4.75, 4.5], "texture": "#0"},
				"east": {"uv": [4.5, 3.75, 4.65, 4.5], "texture": "#0"},
				"south": {"uv": [4.5, 3.75, 4.75, 4.5], "texture": "#0"},
				"west": {"uv": [4.5, 3.75, 4.65, 4.5], "texture": "#0"},
				"up": {"uv": [4.5, 3.75, 4.75, 3.9], "texture": "#0"},
				"down": {"uv": [4.5, 3.75, 4.75, 3.9], "texture": "#0"}
			}
		},
		{
			"from": [5.5, 3.5, 9],
			"to": [6, 4, 9.3],
			"faces": {
				"north": {"uv": [4.5, 4, 4.75, 4.25], "texture": "#0"},
				"east": {"uv": [4.5, 4, 4.65, 4.25], "texture": "#0"},
				"south": {"uv": [4.5, 4, 4.75, 4.25], "texture": "#0"},
				"west": {"uv": [4.5, 4, 4.65, 4.25], "texture": "#0"},
				"up": {"uv": [4.5, 4, 4.75, 4.15], "texture": "#0"},
				"down": {"uv": [4.5, 4, 4.75, 4.15], "texture": "#0"}
			}
		},
		{
			"from": [4.5, 3.5, 9],
			"to": [5, 4, 9.3],
			"faces": {
				"north": {"uv": [4.25, 4, 4.5, 4.25], "texture": "#0"},
				"east": {"uv": [4.25, 4, 4.4, 4.25], "texture": "#0"},
				"south": {"uv": [4.25, 4, 4.5, 4.25], "texture": "#0"},
				"west": {"uv": [4.25, 4, 4.4, 4.25], "texture": "#0"},
				"up": {"uv": [4.25, 4, 4.5, 4.15], "texture": "#0"},
				"down": {"uv": [4.25, 4, 4.5, 4.15], "texture": "#0"}
			}
		}
	],
	"display": {
		"thirdperson_righthand": {
			"translation": [0, 4.5, 0],
			"scale": [0.6, 0.6, 0.6]
		},
		"firstperson_righthand": {
			"translation": [1, 2.5, -2.25],
			"scale": [0.6, 0.6, 0.6]
		},
		"ground": {
			"translation": [0, 3, 0],
			"scale": [0.7, 0.7, 0.7]
		},
		"gui": {
			"rotation": [-23, 29, 14],
			"translation": [-0.5, 1.5, 0]
		}
	}
}