{
	"credit": "Made with Blockbench",
	"texture_size": [32, 32],
	"textures": {
		"0": "item/idoshimshons_guantlet",
		"particle": "item/idoshimshons_guantlet"
	},
	"elements": [
		{
			"from": [6, 17, 5],
			"to": [11, 21, 10],
			"rotation": {"angle": 0, "axis": "x", "origin": [8.5, 17, 7.5]},
			"faces": {
				"north": {"uv": [2.5, 5, 5, 7], "texture": "#0"},
				"east": {"uv": [5, 2.5, 7.5, 4.5], "texture": "#0"},
				"south": {"uv": [5, 4.5, 7.5, 6.5], "texture": "#0"},
				"west": {"uv": [5, 6.5, 7.5, 8.5], "texture": "#0"},
				"up": {"uv": [2.5, 2.5, 0, 0], "texture": "#0"},
				"down": {"uv": [2.5, 2.5, 0, 5], "texture": "#0"}
			}
		},
		{
			"from": [6, 14, 5],
			"to": [11, 16, 10],
			"rotation": {"angle": 0, "axis": "x", "origin": [8.5, 17, 7.5]},
			"faces": {
				"north": {"uv": [2.5, 7, 5, 8], "texture": "#0"},
				"east": {"uv": [0, 7.5, 2.5, 8.5], "texture": "#0"},
				"south": {"uv": [7.5, 0, 10, 1], "texture": "#0"},
				"west": {"uv": [7.5, 1, 10, 2], "texture": "#0"},
				"up": {"uv": [5, 2.5, 2.5, 0], "texture": "#0"},
				"down": {"uv": [5, 2.5, 2.5, 5], "texture": "#0"}
			}
		},
		{
			"from": [6.2, 16, 5.2],
			"to": [10.8, 17, 9.8],
			"rotation": {"angle": 0, "axis": "x", "origin": [8.5, 17, 7.5]},
			"faces": {
				"north": {"uv": [7.5, 2, 10, 2.5], "texture": "#0"},
				"east": {"uv": [7.5, 2.5, 10, 3], "texture": "#0"},
				"south": {"uv": [7.5, 3, 10, 3.5], "texture": "#0"},
				"west": {"uv": [7.5, 3.5, 10, 4], "texture": "#0"},
				"up": {"uv": [2.5, 7.5, 0, 5], "texture": "#0"},
				"down": {"uv": [7.5, 0, 5, 2.5], "texture": "#0"}
			}
		}
	],
	"display": {
		"thirdperson_righthand": {
			"rotation": [-90, 0, 0],
			"translation": [-0.5, -1.5, 12.75]
		},
		"firstperson_righthand": {
			"rotation": [-43, 9, -12],
			"translation": [-1, -3, 5],
			"scale": [0.75, 0.75, 0.75]
		},
		"ground": {
			"translation": [0, -6.75, 0]
		},
		"gui": {
			"rotation": [-11, 26, 41],
			"translation": [7, -9.25, 0],
			"scale": [1.25, 1.25, 1.25]
		}
	},
	"groups": [
		{
			"name": "group",
			"origin": [8.5, 17, 7.5],
			"color": 0,
			"nbt": "{}",
			"children": [0, 1, 2]
		}
	]
}