{
	"credit": "Made with Blockbench",
	"texture_size": [32, 32],
	"textures": {
		"0": "item/kingswordboxpvp",
		"particle": "item/kingswordboxpvp"
	},
	"elements": [
		{
			"from": [6, -5, 7],
			"to": [9, -2, 9],
			"rotation": {"angle": 0, "axis": "y", "origin": [0, -5, 0]},
			"faces": {
				"north": {"uv": [9, 3, 10.5, 4.5], "texture": "#0"},
				"east": {"uv": [9, 6, 10, 7.5], "texture": "#0"},
				"south": {"uv": [9, 4.5, 10.5, 6], "texture": "#0"},
				"west": {"uv": [9, 7.5, 10, 9], "texture": "#0"},
				"up": {"uv": [9.5, 10, 8, 9], "texture": "#0"},
				"down": {"uv": [11, 9, 9.5, 10], "texture": "#0"}
			}
		},
		{
			"from": [6.5, -2, 7],
			"to": [8.5, 5, 9],
			"rotation": {"angle": 0, "axis": "y", "origin": [0, -5, 0]},
			"faces": {
				"north": {"uv": [6, 7.5, 7, 11], "texture": "#0"},
				"east": {"uv": [7, 7.5, 6, 11], "texture": "#0"},
				"south": {"uv": [6, 7.5, 7, 11], "texture": "#0"},
				"west": {"uv": [7, 7.5, 6, 11], "texture": "#0"},
				"up": {"uv": [11.5, 4.5, 10.5, 3.5], "texture": "#0"},
				"down": {"uv": [11.5, 4.5, 10.5, 5.5], "texture": "#0"}
			}
		},
		{
			"from": [6.5, 6, 7],
			"to": [8.5, 12, 9],
			"rotation": {"angle": 0, "axis": "y", "origin": [0, -5, 0]},
			"faces": {
				"north": {"uv": [8, 0, 9, 3], "texture": "#0"},
				"east": {"uv": [8, 3, 9, 6], "texture": "#0"},
				"south": {"uv": [8, 6, 9, 9], "texture": "#0"},
				"west": {"uv": [9, 0, 10, 3], "texture": "#0"},
				"up": {"uv": [11.5, 8, 10.5, 7], "texture": "#0"},
				"down": {"uv": [11.5, 8, 10.5, 9], "texture": "#0"}
			}
		},
		{
			"from": [8.5, 6, 7],
			"to": [10.5, 9, 9],
			"rotation": {"angle": 0, "axis": "y", "origin": [0, -5, 0]},
			"faces": {
				"north": {"uv": [0, 10, 1, 11.5], "texture": "#0"},
				"east": {"uv": [10, 0, 11, 1.5], "texture": "#0"},
				"south": {"uv": [1, 10, 2, 11.5], "texture": "#0"},
				"west": {"uv": [10, 1.5, 11, 3], "texture": "#0"},
				"up": {"uv": [9.5, 11.5, 8.5, 10.5], "texture": "#0"},
				"down": {"uv": [10.5, 10.5, 9.5, 11.5], "texture": "#0"}
			}
		},
		{
			"from": [4.5, 6, 7],
			"to": [6.5, 9, 9],
			"rotation": {"angle": 0, "axis": "y", "origin": [0, -5, 0]},
			"faces": {
				"north": {"uv": [2, 10, 3, 11.5], "texture": "#0"},
				"east": {"uv": [3, 10, 4, 11.5], "texture": "#0"},
				"south": {"uv": [4, 10, 5, 11.5], "texture": "#0"},
				"west": {"uv": [5, 10, 6, 11.5], "texture": "#0"},
				"up": {"uv": [11.5, 11, 10.5, 10], "texture": "#0"},
				"down": {"uv": [12, 0, 11, 1], "texture": "#0"}
			}
		},
		{
			"from": [4.5, 9, 7],
			"to": [5.5, 11, 9],
			"rotation": {"angle": 0, "axis": "y", "origin": [0, -5, 0]},
			"faces": {
				"north": {"uv": [6, 12, 6.5, 13], "texture": "#0"},
				"east": {"uv": [11, 1, 12, 2], "texture": "#0"},
				"south": {"uv": [6.5, 12, 7, 13], "texture": "#0"},
				"west": {"uv": [11, 2, 12, 3], "texture": "#0"},
				"up": {"uv": [7.5, 13, 7, 12], "texture": "#0"},
				"down": {"uv": [8, 12, 7.5, 13], "texture": "#0"}
			}
		},
		{
			"from": [9.5, 9, 7],
			"to": [10.5, 11, 9],
			"rotation": {"angle": 0, "axis": "y", "origin": [0, -5, 0]},
			"faces": {
				"north": {"uv": [8, 12, 8.5, 13], "texture": "#0"},
				"east": {"uv": [6, 11, 7, 12], "texture": "#0"},
				"south": {"uv": [12, 9, 12.5, 10], "texture": "#0"},
				"west": {"uv": [7, 11, 8, 12], "texture": "#0"},
				"up": {"uv": [11, 13, 10.5, 12], "texture": "#0"},
				"down": {"uv": [11.5, 12, 11, 13], "texture": "#0"}
			}
		},
		{
			"from": [6, 5, 6.5],
			"to": [9, 6, 7.5],
			"rotation": {"angle": 0, "axis": "y", "origin": [0, -5, 0]},
			"faces": {
				"north": {"uv": [10.5, 5.5, 12, 6], "texture": "#0"},
				"east": {"uv": [3, 12.5, 3.5, 13], "texture": "#0"},
				"south": {"uv": [12, 0, 13.5, 0.5], "texture": "#0"},
				"west": {"uv": [12.5, 3, 13, 3.5], "texture": "#0"},
				"up": {"uv": [13.5, 1, 12, 0.5], "texture": "#0"},
				"down": {"uv": [13.5, 1, 12, 1.5], "texture": "#0"}
			}
		},
		{
			"from": [8, 5, 7.5],
			"to": [9, 6, 8.5],
			"rotation": {"angle": 0, "axis": "y", "origin": [0, -5, 0]},
			"faces": {
				"north": {"uv": [3.5, 12.5, 4, 13], "texture": "#0"},
				"east": {"uv": [12.5, 3.5, 13, 4], "texture": "#0"},
				"south": {"uv": [4, 12.5, 4.5, 13], "texture": "#0"},
				"west": {"uv": [12.5, 4, 13, 4.5], "texture": "#0"},
				"up": {"uv": [5, 13, 4.5, 12.5], "texture": "#0"},
				"down": {"uv": [13, 4.5, 12.5, 5], "texture": "#0"}
			}
		},
		{
			"from": [6, 5, 7.5],
			"to": [7, 6, 8.5],
			"rotation": {"angle": 0, "axis": "y", "origin": [0, -5, 0]},
			"faces": {
				"north": {"uv": [5, 12.5, 5.5, 13], "texture": "#0"},
				"east": {"uv": [12.5, 5, 13, 5.5], "texture": "#0"},
				"south": {"uv": [5.5, 12.5, 6, 13], "texture": "#0"},
				"west": {"uv": [12.5, 6, 13, 6.5], "texture": "#0"},
				"up": {"uv": [13, 7, 12.5, 6.5], "texture": "#0"},
				"down": {"uv": [13, 7, 12.5, 7.5], "texture": "#0"}
			}
		},
		{
			"from": [6, 5, 8.5],
			"to": [9, 6, 9.5],
			"rotation": {"angle": 0, "axis": "y", "origin": [0, -5, 0]},
			"faces": {
				"north": {"uv": [12, 1.5, 13.5, 2], "texture": "#0"},
				"east": {"uv": [12.5, 7.5, 13, 8], "texture": "#0"},
				"south": {"uv": [12, 2, 13.5, 2.5], "texture": "#0"},
				"west": {"uv": [12.5, 8, 13, 8.5], "texture": "#0"},
				"up": {"uv": [13.5, 3, 12, 2.5], "texture": "#0"},
				"down": {"uv": [13.5, 5.5, 12, 6], "texture": "#0"}
			}
		},
		{
			"from": [10.5, 6, 7],
			"to": [11.5, 8, 9],
			"rotation": {"angle": 0, "axis": "y", "origin": [0, -5, 0]},
			"faces": {
				"north": {"uv": [11.5, 12, 12, 13], "texture": "#0"},
				"east": {"uv": [11, 9, 12, 10], "texture": "#0"},
				"south": {"uv": [12, 12, 12.5, 13], "texture": "#0"},
				"west": {"uv": [10.5, 11, 11.5, 12], "texture": "#0"},
				"up": {"uv": [0.5, 13.5, 0, 12.5], "texture": "#0"},
				"down": {"uv": [1, 12.5, 0.5, 13.5], "texture": "#0"}
			}
		},
		{
			"from": [3.5, 6, 7],
			"to": [4.5, 8, 9],
			"rotation": {"angle": 0, "axis": "y", "origin": [0, -5, 0]},
			"faces": {
				"north": {"uv": [1, 12.5, 1.5, 13.5], "texture": "#0"},
				"east": {"uv": [0, 11.5, 1, 12.5], "texture": "#0"},
				"south": {"uv": [1.5, 12.5, 2, 13.5], "texture": "#0"},
				"west": {"uv": [1, 11.5, 2, 12.5], "texture": "#0"},
				"up": {"uv": [2.5, 13.5, 2, 12.5], "texture": "#0"},
				"down": {"uv": [3, 12.5, 2.5, 13.5], "texture": "#0"}
			}
		},
		{
			"from": [2.5, 5.5, 7.05],
			"to": [4.5, 7.5, 8.95],
			"rotation": {"angle": 45, "axis": "z", "origin": [2.5, 7, 8]},
			"faces": {
				"north": {"uv": [2, 11.5, 3, 12.5], "texture": "#0"},
				"east": {"uv": [3, 11.5, 4, 12.5], "texture": "#0"},
				"south": {"uv": [11.5, 3.5, 12.5, 4.5], "texture": "#0"},
				"west": {"uv": [4, 11.5, 5, 12.5], "texture": "#0"},
				"up": {"uv": [12.5, 5.5, 11.5, 4.5], "texture": "#0"},
				"down": {"uv": [6, 11.5, 5, 12.5], "texture": "#0"}
			}
		},
		{
			"from": [11, 7, 7.05],
			"to": [13, 9, 8.95],
			"rotation": {"angle": 45, "axis": "z", "origin": [12.5, 7, 8]},
			"faces": {
				"north": {"uv": [11.5, 7, 12.5, 8], "texture": "#0"},
				"east": {"uv": [11.5, 8, 12.5, 9], "texture": "#0"},
				"south": {"uv": [8.5, 11.5, 9.5, 12.5], "texture": "#0"},
				"west": {"uv": [9.5, 11.5, 10.5, 12.5], "texture": "#0"},
				"up": {"uv": [12.5, 11, 11.5, 10], "texture": "#0"},
				"down": {"uv": [12.5, 11, 11.5, 12], "texture": "#0"}
			}
		},
		{
			"from": [5, 9, 7.5],
			"to": [10, 29, 8.5],
			"rotation": {"angle": 0, "axis": "y", "origin": [0, -5, 0]},
			"faces": {
				"north": {"uv": [5, 0, 2.5, 10], "texture": "#0"},
				"east": {"uv": [4.5, 0, 5, 10], "texture": "#0"},
				"south": {"uv": [2.5, 0, 5, 10], "texture": "#0"},
				"west": {"uv": [2.5, 0, 3, 10], "texture": "#0"},
				"up": {"uv": [12.5, 6.5, 10, 6], "texture": "#0"},
				"down": {"uv": [12.5, 6.5, 10, 7], "texture": "#0"}
			}
		},
		{
			"from": [4.7, 27.7, 7.55],
			"to": [8.2, 31.2, 8.45],
			"rotation": {"angle": 45, "axis": "z", "origin": [7.5, 30.5, 8]},
			"faces": {
				"north": {"uv": [6, 2, 8, 4], "texture": "#0"},
				"east": {"uv": [10, 7, 10.5, 9], "texture": "#0"},
				"south": {"uv": [6, 2, 8, 4], "texture": "#0"},
				"west": {"uv": [8, 10, 8.5, 12], "texture": "#0"},
				"up": {"uv": [10.5, 10.5, 8.5, 10], "texture": "#0"},
				"down": {"uv": [12.5, 3, 10.5, 3.5], "texture": "#0"}
			}
		}
	],
	"display": {
		"thirdperson_righthand": {
			"rotation": [0, 90, 0],
			"translation": [0, 4, 1]
		},
		"firstperson_righthand": {
			"rotation": [0, 98, 0],
			"translation": [4.75, 1, -4],
			"scale": [0.7, 0.7, 0.7]
		},
		"ground": {
			"rotation": [47, 90, 0],
			"scale": [0.55, 0.55, 0.55]
		},
		"gui": {
			"rotation": [8, 12, -44],
			"translation": [-1.75, -2, 0],
			"scale": [0.55, 0.55, 0.55]
		}
	},
	"groups": [
		0,
		1,
		2,
		3,
		4,
		5,
		6,
		{
			"name": "group",
			"origin": [0, 0, 0],
			"color": 0,
			"nbt": "{}",
			"armAnimationEnabled": false,
			"children": [7, 8, 9, 10]
		},
		11,
		12,
		13,
		14,
		15,
		16
	]
}