{
	"credit": "Made by Elo106",
	"texture_size": [64, 64],
	"textures": {
		"0": "item/voxelspawns/vs_ashbringer",
		"particle": "item/voxelspawns/vs_ashbringer"
	},
	"elements": [
		{
			"from": [7.16097, -2.90551, 7.2142],
			"to": [9.16097, 2.09449, 9.2142],
			"rotation": {"angle": 0, "axis": "y", "origin": [7.77341, 10.82053, 9.10919]},
			"faces": {
				"north": {"uv": [6, 2.75, 6.5, 4], "texture": "#0"},
				"east": {"uv": [6, 4, 6.5, 5.25], "texture": "#0"},
				"south": {"uv": [6, 5.25, 6.5, 6.5], "texture": "#0"},
				"west": {"uv": [6.25, 0, 6.75, 1.25], "texture": "#0"},
				"up": {"uv": [8.5, 0.5, 8, 0], "texture": "#0"},
				"down": {"uv": [8.5, 2.25, 8, 2.75], "texture": "#0"}
			}
		},
		{
			"from": [6.66197, 1.78143, 7.48948],
			"to": [9.65997, 5.77943, 9.48748],
			"rotation": {"angle": 45, "axis": "x", "origin": [8.00077, 8.99341, 6.68756]},
			"faces": {
				"north": {"uv": [5.25, 3.5, 6, 4.5], "texture": "#0"},
				"east": {"uv": [6.25, 6.5, 5.75, 7.5], "texture": "#0"},
				"south": {"uv": [5.25, 4.5, 6, 5.5], "texture": "#0"},
				"west": {"uv": [5.75, 6.5, 6.25, 7.5], "texture": "#0"},
				"up": {"uv": [7.5, 2.5, 6.75, 2], "texture": "#0"},
				"down": {"uv": [3, 7.25, 2.25, 7.75], "texture": "#0"}
			}
		},
		{
			"from": [6.65997, 3.09349, 3.2132],
			"to": [9.66197, 5.09549, 12.2152],
			"rotation": {"angle": 0, "axis": "y", "origin": [8.00077, 9.45733, 7.86855]},
			"faces": {
				"north": {"uv": [7.25, 2.5, 8, 3], "texture": "#0"},
				"east": {"uv": [6, 0.5, 3.75, 1], "texture": "#0"},
				"south": {"uv": [3, 7.25, 3.75, 7.75], "texture": "#0"},
				"west": {"uv": [3.75, 0.5, 6, 1], "texture": "#0"},
				"up": {"uv": [3, 5.25, 2.25, 3], "texture": "#0"},
				"down": {"uv": [3.75, 3, 3, 5.25], "texture": "#0"}
			}
		},
		{
			"from": [6.66197, 5.88193, 2.6924],
			"to": [9.65997, 6.87993, 5.6904],
			"rotation": {"angle": 22.5, "axis": "x", "origin": [8.00077, 8.68722, 8.50329]},
			"faces": {
				"north": {"uv": [8, 0.5, 8.75, 0.75], "texture": "#0"},
				"east": {"uv": [9, 0.75, 8.25, 1], "texture": "#0"},
				"south": {"uv": [8, 5.25, 8.75, 5.5], "texture": "#0"},
				"west": {"uv": [8.25, 0.75, 9, 1], "texture": "#0"},
				"up": {"uv": [5, 7, 4.25, 6.25], "texture": "#0"},
				"down": {"uv": [3, 6.5, 2.25, 7.25], "texture": "#0"}
			}
		},
		{
			"from": [6.66097, 5.09449, 3.2142],
			"to": [9.66097, 8.09449, 5.2142],
			"rotation": {"angle": 0, "axis": "y", "origin": [8.00077, 9.89733, 7.86855]},
			"faces": {
				"north": {"uv": [6.5, 2.5, 7.25, 3.25], "texture": "#0"},
				"east": {"uv": [7.75, 3.75, 7.25, 4.5], "texture": "#0"},
				"south": {"uv": [3, 6.5, 3.75, 7.25], "texture": "#0"},
				"west": {"uv": [7.25, 3.75, 7.75, 4.5], "texture": "#0"},
				"up": {"uv": [8, 5, 7.25, 4.5], "texture": "#0"},
				"down": {"uv": [5.75, 7.25, 5, 7.75], "texture": "#0"}
			}
		},
		{
			"from": [6.66297, 10.53815, 3.28168],
			"to": [9.65897, 12.53415, 4.27768],
			"rotation": {"angle": -45, "axis": "x", "origin": [8.00077, 8.95498, 7.76075]},
			"faces": {
				"north": {"uv": [7.25, 5, 8, 5.5], "texture": "#0"},
				"east": {"uv": [7.75, 4, 8, 4.5], "texture": "#0"},
				"south": {"uv": [7.25, 6.5, 8, 7], "texture": "#0"},
				"west": {"uv": [8.25, 6, 8.5, 6.5], "texture": "#0"},
				"up": {"uv": [9, 1.25, 8.25, 1], "texture": "#0"},
				"down": {"uv": [9, 1.25, 8.25, 1.5], "texture": "#0"}
			}
		},
		{
			"from": [6.66097, 3.09308, 12.21562],
			"to": [9.66097, 7.09308, 13.21562],
			"rotation": {"angle": 0, "axis": "y", "origin": [8.00077, 9.45591, 8.23796]},
			"faces": {
				"north": {"uv": [5.25, 5.5, 6, 6.5], "texture": "#0"},
				"east": {"uv": [4.5, 8, 4.75, 9], "texture": "#0"},
				"south": {"uv": [0.75, 5.75, 1.5, 6.75], "texture": "#0"},
				"west": {"uv": [4.5, 8, 4.75, 9], "texture": "#0"},
				"up": {"uv": [9, 1.75, 8.25, 1.5], "texture": "#0"},
				"down": {"uv": [9, 1.75, 8.25, 2], "texture": "#0"}
			}
		},
		{
			"from": [6.66197, 0.44235, 8.93596],
			"to": [9.65997, 3.44035, 10.93396],
			"rotation": {"angle": -45, "axis": "x", "origin": [8.00077, 6.58087, 8.72793]},
			"faces": {
				"north": {"uv": [6.5, 3.25, 7.25, 4], "texture": "#0"},
				"east": {"uv": [7.25, 7, 7.75, 7.75], "texture": "#0"},
				"south": {"uv": [6.5, 4, 7.25, 4.75], "texture": "#0"},
				"west": {"uv": [7.5, 0, 8, 0.75], "texture": "#0"},
				"up": {"uv": [8.25, 1.25, 7.5, 0.75], "texture": "#0"},
				"down": {"uv": [8.25, 1.25, 7.5, 1.75], "texture": "#0"}
			}
		},
		{
			"from": [6.66297, 4.22054, 8.99586],
			"to": [9.65897, 6.21654, 9.99186],
			"rotation": {"angle": -45, "axis": "x", "origin": [8.00077, 9.54481, 8.13487]},
			"faces": {
				"north": {"uv": [7.5, 1.75, 8.25, 2.25], "texture": "#0"},
				"east": {"uv": [8.5, 0, 8.75, 0.5], "texture": "#0"},
				"south": {"uv": [7.5, 5.5, 8.25, 6], "texture": "#0"},
				"west": {"uv": [8.5, 2.25, 8.75, 2.75], "texture": "#0"},
				"up": {"uv": [9, 2.25, 8.25, 2], "texture": "#0"},
				"down": {"uv": [3, 8.25, 2.25, 8.5], "texture": "#0"}
			}
		},
		{
			"from": [6.66297, 7.50929, 9.80341],
			"to": [9.65897, 8.50529, 11.79941],
			"rotation": {"angle": 0, "axis": "y", "origin": [8.00077, 9.59134, 8.02253]},
			"faces": {
				"north": {"uv": [3, 8.25, 3.75, 8.5], "texture": "#0"},
				"east": {"uv": [7.5, 2.25, 8, 2.5], "texture": "#0"},
				"south": {"uv": [8.25, 4, 9, 4.25], "texture": "#0"},
				"west": {"uv": [8.5, 3.75, 9, 4], "texture": "#0"},
				"up": {"uv": [6.5, 8, 5.75, 7.5], "texture": "#0"},
				"down": {"uv": [8.25, 6, 7.5, 6.5], "texture": "#0"}
			}
		},
		{
			"from": [6.66397, 6.42032, 6.49341],
			"to": [9.65797, 7.41432, 8.48741],
			"rotation": {"angle": -45, "axis": "x", "origin": [8.00077, 9.54481, 7.8302]},
			"faces": {
				"north": {"uv": [8.25, 4.25, 9, 4.5], "texture": "#0"},
				"east": {"uv": [6.5, 8.5, 7, 8.75], "texture": "#0"},
				"south": {"uv": [8.25, 4.5, 9, 4.75], "texture": "#0"},
				"west": {"uv": [8.5, 6.75, 9, 7], "texture": "#0"},
				"up": {"uv": [7.25, 8, 6.5, 7.5], "texture": "#0"},
				"down": {"uv": [1.25, 7.75, 0.5, 8.25], "texture": "#0"}
			}
		},
		{
			"from": [7.16097, 2.09449, 6.2142],
			"to": [9.16097, 6.09449, 10.2142],
			"rotation": {"angle": 0, "axis": "y", "origin": [11.30077, 9.89733, 8.24855]},
			"faces": {
				"north": {"uv": [6.25, 6.5, 6.75, 7.5], "texture": "#0"},
				"east": {"uv": [4.75, 2, 3.75, 3], "texture": "#0"},
				"south": {"uv": [6.75, 0, 7.25, 1], "texture": "#0"},
				"west": {"uv": [3.75, 2, 4.75, 3], "texture": "#0"},
				"up": {"uv": [1, 7.75, 0.5, 6.75], "texture": "#0"},
				"down": {"uv": [1.5, 6.75, 1, 7.75], "texture": "#0"}
			}
		},
		{
			"from": [6.66097, -3.90551, 6.7142],
			"to": [9.66097, -2.90551, 9.7142],
			"rotation": {"angle": 0, "axis": "y", "origin": [11.30077, 9.89733, 8.24855]},
			"faces": {
				"north": {"uv": [8.25, 4.75, 9, 5], "texture": "#0"},
				"east": {"uv": [8.25, 5, 9, 5.25], "texture": "#0"},
				"south": {"uv": [8.25, 5.5, 9, 5.75], "texture": "#0"},
				"west": {"uv": [8.25, 5.75, 9, 6], "texture": "#0"},
				"up": {"uv": [7.25, 5.5, 6.5, 4.75], "texture": "#0"},
				"down": {"uv": [5.75, 6.5, 5, 7.25], "texture": "#0"}
			}
		},
		{
			"from": [7.16097, -7.90551, 5.7142],
			"to": [9.16097, -3.90551, 9.7142],
			"rotation": {"angle": 45, "axis": "x", "origin": [8.16097, -6.40551, 8.2142]},
			"faces": {
				"north": {"uv": [6.75, 1, 7.25, 2], "texture": "#0"},
				"east": {"uv": [3.75, 3, 4.75, 4], "texture": "#0"},
				"south": {"uv": [6.75, 6.5, 7.25, 7.5], "texture": "#0"},
				"west": {"uv": [3.75, 4, 4.75, 5], "texture": "#0"},
				"up": {"uv": [4.75, 8, 4.25, 7], "texture": "#0"},
				"down": {"uv": [7.5, 5.5, 7, 6.5], "texture": "#0"}
			}
		},
		{
			"from": [7.66097, -6.6984, 7.2142],
			"to": [8.66097, -4.6984, 9.2142],
			"rotation": {"angle": -45, "axis": "x", "origin": [8.16097, -5.6984, 8.2142]},
			"faces": {
				"north": {"uv": [7, 8.5, 7.25, 9], "texture": "#0"},
				"east": {"uv": [5.75, 8, 6.25, 8.5], "texture": "#0"},
				"south": {"uv": [8.5, 7, 8.75, 7.5], "texture": "#0"},
				"west": {"uv": [6.25, 8, 6.75, 8.5], "texture": "#0"},
				"up": {"uv": [8.75, 8, 8.5, 7.5], "texture": "#0"},
				"down": {"uv": [8.25, 8.5, 8, 9], "texture": "#0"}
			}
		},
		{
			"from": [9.16097, -4.90551, 8.7142],
			"to": [7.16097, -6.90551, 6.7142],
			"rotation": {"angle": 45, "axis": "x", "origin": [8.16097, -6.40551, 8.2142]},
			"faces": {
				"north": {"uv": [8, 6.5, 8.5, 7], "texture": "#0"},
				"east": {"uv": [6.75, 8, 7.25, 8.5], "texture": "#0"},
				"south": {"uv": [8, 7, 8.5, 7.5], "texture": "#0"},
				"west": {"uv": [8, 7.5, 8.5, 8], "texture": "#0"},
				"up": {"uv": [8.5, 8.5, 8, 8], "texture": "#0"},
				"down": {"uv": [1, 8.25, 0.5, 8.75], "texture": "#0"}
			}
		},
		{
			"from": [7.66097, 8.07576, 5.89345],
			"to": [8.66097, 13.07576, 8.89345],
			"rotation": {"angle": -45, "axis": "x", "origin": [7.78077, 9.45455, 7.19542]},
			"faces": {
				"north": {"uv": [1.25, 7.75, 1.5, 9], "texture": "#0"},
				"east": {"uv": [3.75, 5, 4.5, 6.25], "texture": "#0"},
				"south": {"uv": [5, 7.75, 5.25, 9], "texture": "#0"},
				"west": {"uv": [4.5, 5, 3.75, 6.25], "texture": "#0"},
				"up": {"uv": [0.75, 6.75, 0.5, 6], "texture": "#0"},
				"down": {"uv": [1.25, 8.25, 1, 9], "texture": "#0"}
			}
		},
		{
			"from": [7.65997, 5.09349, 6.7132],
			"to": [8.66197, 17.09549, 9.7152],
			"rotation": {"angle": 0, "axis": "y", "origin": [7.78077, 9.89733, 8.26855]},
			"faces": {
				"north": {"uv": [1.5, 5.75, 1.75, 8.75], "texture": "#0"},
				"east": {"uv": [0, 3, 0.75, 6], "texture": "#0"},
				"south": {"uv": [1.75, 5.75, 2, 8.75], "texture": "#0"},
				"west": {"uv": [0.75, 3, 0, 6], "texture": "#0"},
				"up": {"uv": [8, 9, 7.75, 8.25], "texture": "#0"},
				"down": {"uv": [2.5, 8.5, 2.25, 9.25], "texture": "#0"}
			}
		},
		{
			"from": [7.65997, 11.09549, 3.7112],
			"to": [8.66197, 22.09749, 6.7132],
			"rotation": {"angle": 0, "axis": "y", "origin": [7.78077, 16.04933, 8.08655]},
			"faces": {
				"north": {"uv": [6, 0, 6.25, 2.75], "texture": "#0"},
				"east": {"uv": [0.75, 3, 1.5, 5.75], "texture": "#0"},
				"south": {"uv": [0.25, 6, 0.5, 8.75], "texture": "#0"},
				"west": {"uv": [1.5, 3, 0.75, 5.75], "texture": "#0"},
				"up": {"uv": [2.75, 9.25, 2.5, 8.5], "texture": "#0"},
				"down": {"uv": [3, 8.5, 2.75, 9.25], "texture": "#0"}
			}
		},
		{
			"from": [7.65897, 22.12541, 6.60973],
			"to": [8.66297, 28.12941, 18.61373],
			"rotation": {"angle": -22.5, "axis": "x", "origin": [7.78077, 9.69888, 7.92364]},
			"faces": {
				"north": {"uv": [3.75, 7.5, 4, 9], "texture": "#0"},
				"east": {"uv": [0, 0, 3, 1.5], "texture": "#0"},
				"south": {"uv": [4, 7.5, 4.25, 9], "texture": "#0"},
				"west": {"uv": [3, 0, 0, 1.5], "texture": "#0"},
				"up": {"uv": [2.25, 8.75, 2, 5.75], "texture": "#0"},
				"down": {"uv": [0.25, 6, 0, 9], "texture": "#0"}
			}
		},
		{
			"from": [7.66297, 11.57637, 0.07695],
			"to": [8.66097, 13.57437, 3.07495],
			"rotation": {"angle": 45, "axis": "x", "origin": [7.78177, 8.57812, 9.62742]},
			"faces": {
				"north": {"uv": [8.5, 8, 8.75, 8.5], "texture": "#0"},
				"east": {"uv": [2.25, 7.75, 3, 8.25], "texture": "#0"},
				"south": {"uv": [8.25, 8.5, 8.5, 9], "texture": "#0"},
				"west": {"uv": [3, 7.75, 2.25, 8.25], "texture": "#0"},
				"up": {"uv": [3.25, 9.25, 3, 8.5], "texture": "#0"},
				"down": {"uv": [8.75, 3, 8.5, 3.75], "texture": "#0"}
			}
		},
		{
			"from": [7.66197, 15.96942, -3.66931],
			"to": [8.65997, 20.96742, -0.67131],
			"rotation": {"angle": 45, "axis": "x", "origin": [7.78077, 9.89733, 8.26855]},
			"faces": {
				"north": {"uv": [5.25, 7.75, 5.5, 9], "texture": "#0"},
				"east": {"uv": [5.25, 1, 6, 2.25], "texture": "#0"},
				"south": {"uv": [5.5, 7.75, 5.75, 9], "texture": "#0"},
				"west": {"uv": [6, 1, 5.25, 2.25], "texture": "#0"},
				"up": {"uv": [3.5, 9.25, 3.25, 8.5], "texture": "#0"},
				"down": {"uv": [3.75, 8.5, 3.5, 9.25], "texture": "#0"}
			}
		},
		{
			"from": [7.66097, 23.36103, 8.28753],
			"to": [8.66097, 25.36103, 11.28753],
			"rotation": {"angle": 0, "axis": "y", "origin": [7.78077, 9.89733, 8.26855]},
			"faces": {
				"north": {"uv": [8.5, 8.5, 8.75, 9], "texture": "#0"},
				"east": {"uv": [7.75, 3, 8.5, 3.5], "texture": "#0"},
				"south": {"uv": [8.75, 0, 9, 0.5], "texture": "#0"},
				"west": {"uv": [8.5, 3, 7.75, 3.5], "texture": "#0"},
				"up": {"uv": [6, 9.25, 5.75, 8.5], "texture": "#0"},
				"down": {"uv": [6.25, 8.5, 6, 9.25], "texture": "#0"}
			}
		},
		{
			"from": [7.66097, 17.06651, 6.56155],
			"to": [8.65897, 22.06451, 8.55955],
			"rotation": {"angle": -22.5, "axis": "x", "origin": [7.77977, 9.79958, 7.74447]},
			"faces": {
				"north": {"uv": [7.75, 7, 8, 8.25], "texture": "#0"},
				"east": {"uv": [6.25, 1.25, 6.75, 2.5], "texture": "#0"},
				"south": {"uv": [7.25, 7.75, 7.5, 9], "texture": "#0"},
				"west": {"uv": [6.75, 1.25, 6.25, 2.5], "texture": "#0"},
				"up": {"uv": [0.5, 9.25, 0.25, 8.75], "texture": "#0"},
				"down": {"uv": [0.75, 8.75, 0.5, 9.25], "texture": "#0"}
			}
		},
		{
			"from": [7.65997, 23.31619, 5.32174],
			"to": [8.66197, 31.31819, 7.32374],
			"rotation": {"angle": 22.5, "axis": "x", "origin": [7.78077, 9.89733, 8.26855]},
			"faces": {
				"north": {"uv": [4.75, 7, 5, 9], "texture": "#0"},
				"east": {"uv": [4.75, 1, 5.25, 3], "texture": "#0"},
				"south": {"uv": [7.25, 0, 7.5, 2], "texture": "#0"},
				"west": {"uv": [5.25, 1, 4.75, 3], "texture": "#0"},
				"up": {"uv": [1, 9.25, 0.75, 8.75], "texture": "#0"},
				"down": {"uv": [1.75, 8.75, 1.5, 9.25], "texture": "#0"}
			}
		},
		{
			"from": [7.66097, 25.81401, 10.744],
			"to": [8.66097, 30.81401, 13.744],
			"rotation": {"angle": 0, "axis": "y", "origin": [7.78077, 9.61351, 8.05919]},
			"faces": {
				"north": {"uv": [7.5, 7.75, 7.75, 9], "texture": "#0"},
				"east": {"uv": [5.25, 2.25, 6, 3.5], "texture": "#0"},
				"south": {"uv": [8, 4, 8.25, 5.25], "texture": "#0"},
				"west": {"uv": [6, 2.25, 5.25, 3.5], "texture": "#0"},
				"up": {"uv": [8.75, 6.75, 8.5, 6], "texture": "#0"},
				"down": {"uv": [6.5, 8.5, 6.25, 9.25], "texture": "#0"}
			}
		}
	],
	"gui_light": "front",
	"display": {
		"thirdperson_righthand": {
			"translation": [0, 4.75, -0.25],
			"scale": [0.8, 0.8, 0.8]
		},
		"thirdperson_lefthand": {
			"translation": [0, 4.75, -0.25],
			"scale": [0.8, 0.8, 0.8]
		},
		"firstperson_righthand": {
			"rotation": [-26, -6, -30],
			"translation": [13.25, -0.75, -9.75],
			"scale": [0.75, 0.75, 0.75]
		},
		"firstperson_lefthand": {
			"rotation": [-26, -6, -30],
			"translation": [13.25, -0.75, -9.75],
			"scale": [0.75, 0.75, 0.75]
		},
		"ground": {
			"rotation": [-150, 35, 0],
			"translation": [0, 3.5, 4],
			"scale": [0.5, 0.5, 0.5]
		},
		"gui": {
			"rotation": [-90, -45, -90],
			"translation": [-1.75, -2.25, 0],
			"scale": [0.47, 0.47, 0.47]
		},
		"fixed": {
			"rotation": [-90, 45, 90],
			"translation": [2, -2.75, -0.25],
			"scale": [0.6, 0.6, 0.6]
		}
	},
	"groups": [
		{
			"name": "ashbringer",
			"origin": [8, 8, 8],
			"color": 0,
			"children": [0, 1, 2, 3, 4, 5, 6, 7, 8, 9, 10, 11, 12, 13, 14, 15, 16, 17, 18, 19, 20, 21, 22, 23, 24, 25]
		}
	]
}