{
	"credit": "Made by Elo106",
	"texture_size": [64, 64],
	"textures": {
		"3": "item/voxelspawns/vs_eswords_3"
	},
	"elements": [
		{
			"from": [7.249, -8.001, 6.999],
			"to": [9.251, 4.001, 9.001],
			"rotation": {"angle": 0, "axis": "y", "origin": [10.5, -4, 2]},
			"faces": {
				"north": {"uv": [3.5, 4, 4, 7], "texture": "#3"},
				"east": {"uv": [4, 3.75, 4.5, 6.75], "texture": "#3"},
				"south": {"uv": [4.5, 3.75, 5, 6.75], "texture": "#3"},
				"west": {"uv": [5, 3.75, 5.5, 6.75], "texture": "#3"},
				"up": {"uv": [3.5, 8, 3, 7.5], "texture": "#3"},
				"down": {"uv": [9.75, 2.5, 9.25, 3], "texture": "#3"}
			}
		},
		{
			"from": [6.25, 5.82843, 0.58579],
			"to": [10.25, 7.82843, 6.58579],
			"rotation": {"angle": 45, "axis": "x", "origin": [8.25, 6.82843, 3.58579]},
			"faces": {
				"north": {"uv": [4.75, 8.25, 5.75, 8.75], "texture": "#3"},
				"east": {"uv": [1.5, 7.5, 3, 8], "texture": "#3"},
				"south": {"uv": [8.25, 6.5, 9.25, 7], "texture": "#3"},
				"west": {"uv": [7.5, 5.5, 9, 6], "texture": "#3"},
				"up": {"uv": [6.5, 3.25, 5.5, 1.75], "texture": "#3"},
				"down": {"uv": [6.5, 3.25, 5.5, 4.75], "texture": "#3"}
			}
		},
		{
			"from": [6.25, 3.82843, 11.41421],
			"to": [10.25, 9.82843, 13.41421],
			"rotation": {"angle": 45, "axis": "x", "origin": [8.25, 6.82843, 12.41421]},
			"faces": {
				"north": {"uv": [5.5, 4.75, 6.5, 6.25], "texture": "#3"},
				"east": {"uv": [5, 6.75, 5.5, 8.25], "texture": "#3"},
				"south": {"uv": [0, 5.75, 1, 7.25], "texture": "#3"},
				"west": {"uv": [3.5, 7, 4, 8.5], "texture": "#3"},
				"up": {"uv": [9.25, 7.5, 8.25, 7], "texture": "#3"},
				"down": {"uv": [9, 8.25, 8, 8.75], "texture": "#3"}
			}
		},
		{
			"from": [6.75, 2.34228, 8.97474],
			"to": [9.75, 4.34228, 13.97474],
			"rotation": {"angle": 22.5, "axis": "x", "origin": [7.75, 3.34228, 11.97474]},
			"faces": {
				"north": {"uv": [7.5, 8.75, 8.25, 9.25], "texture": "#3"},
				"east": {"uv": [7.75, 5, 9, 5.5], "texture": "#3"},
				"south": {"uv": [8.75, 7.5, 9.5, 8], "texture": "#3"},
				"west": {"uv": [1.5, 8, 2.75, 8.5], "texture": "#3"},
				"up": {"uv": [7.75, 4.25, 7, 3], "texture": "#3"},
				"down": {"uv": [7.75, 4.25, 7, 5.5], "texture": "#3"}
			}
		},
		{
			"from": [6.75, 3.10765, 1.87302],
			"to": [9.75, 5.10765, 6.87302],
			"rotation": {"angle": -22.5, "axis": "x", "origin": [7.75, 4.10765, 5.87302]},
			"faces": {
				"north": {"uv": [8.25, 8.75, 9, 9.25], "texture": "#3"},
				"east": {"uv": [8, 2, 9.25, 2.5], "texture": "#3"},
				"south": {"uv": [0, 9, 0.75, 9.5], "texture": "#3"},
				"west": {"uv": [8, 2.5, 9.25, 3], "texture": "#3"},
				"up": {"uv": [0.75, 8.5, 0, 7.25], "texture": "#3"},
				"down": {"uv": [1.5, 7.25, 0.75, 8.5], "texture": "#3"}
			}
		},
		{
			"from": [6.75, -7.30656, 3.4588],
			"to": [9.75, -5.30656, 6.4588],
			"rotation": {"angle": -22.5, "axis": "x", "origin": [7.75, -6.30656, 5.4588]},
			"faces": {
				"north": {"uv": [9, 0, 9.75, 0.5], "texture": "#3"},
				"east": {"uv": [9, 0.5, 9.75, 1], "texture": "#3"},
				"south": {"uv": [0.75, 9, 1.5, 9.5], "texture": "#3"},
				"west": {"uv": [9, 1, 9.75, 1.5], "texture": "#3"},
				"up": {"uv": [3.5, 8.75, 2.75, 8], "texture": "#3"},
				"down": {"uv": [7.25, 8, 6.5, 8.75], "texture": "#3"}
			}
		},
		{
			"from": [6.75, -7.30656, 9.5412],
			"to": [9.75, -5.30656, 12.5412],
			"rotation": {"angle": 22.5, "axis": "x", "origin": [7.75, -6.30656, 10.5412]},
			"faces": {
				"north": {"uv": [9, 1.5, 9.75, 2], "texture": "#3"},
				"east": {"uv": [9, 3, 9.75, 3.5], "texture": "#3"},
				"south": {"uv": [9, 3.5, 9.75, 4], "texture": "#3"},
				"west": {"uv": [9, 4, 9.75, 4.5], "texture": "#3"},
				"up": {"uv": [8, 8.75, 7.25, 8], "texture": "#3"},
				"down": {"uv": [8.75, 7.5, 8, 8.25], "texture": "#3"}
			}
		},
		{
			"from": [6.249, 3.999, 4.999],
			"to": [10.251, 6.001, 11.001],
			"rotation": {"angle": 0, "axis": "y", "origin": [8.25, 5, 8]},
			"faces": {
				"north": {"uv": [0, 8.5, 1, 9], "texture": "#3"},
				"east": {"uv": [7.5, 6, 9, 6.5], "texture": "#3"},
				"south": {"uv": [1, 8.5, 2, 9], "texture": "#3"},
				"west": {"uv": [6.5, 7.5, 8, 8], "texture": "#3"},
				"up": {"uv": [2, 7.25, 1, 5.75], "texture": "#3"},
				"down": {"uv": [7, 0, 6, 1.5], "texture": "#3"}
			}
		},
		{
			"from": [7.749, 3.999, 4.999],
			"to": [8.751, 12.001, 11.001],
			"rotation": {"angle": 0, "axis": "y", "origin": [8.25, 5, 8]},
			"faces": {
				"north": {"uv": [5.75, 8.25, 6, 10.25], "texture": "#3"},
				"east": {"uv": [3.5, 4, 2, 6], "texture": "#3"},
				"south": {"uv": [6, 8.25, 6.25, 10.25], "texture": "#3"},
				"west": {"uv": [2, 4, 3.5, 6], "texture": "#3"},
				"up": {"uv": [5.75, 10.25, 5.5, 8.75], "texture": "#3"},
				"down": {"uv": [1.75, 9, 1.5, 10.5], "texture": "#3"}
			}
		},
		{
			"from": [7.25, 4, 4],
			"to": [9.25, 12, 12],
			"rotation": {"angle": 45, "axis": "x", "origin": [8.25, 8, 8]},
			"faces": {
				"north": {"uv": [5.5, 6.25, 6, 8.25], "texture": "#3"},
				"east": {"uv": [0, 0, 2, 2], "texture": "#3"},
				"south": {"uv": [6, 6.25, 6.5, 8.25], "texture": "#3"},
				"west": {"uv": [0, 2, 2, 4], "texture": "#3"},
				"up": {"uv": [7, 3.5, 6.5, 1.5], "texture": "#3"},
				"down": {"uv": [7, 3.5, 6.5, 5.5], "texture": "#3"}
			}
		},
		{
			"from": [6.75, 6, 6],
			"to": [9.75, 10, 10],
			"rotation": {"angle": 45, "axis": "x", "origin": [8.25, 8, 8]},
			"faces": {
				"north": {"uv": [7.5, 6.5, 8.25, 7.5], "texture": "#3"},
				"east": {"uv": [6.5, 5.5, 7.5, 6.5], "texture": "#3"},
				"south": {"uv": [7.75, 3, 8.5, 4], "texture": "#3"},
				"west": {"uv": [6.5, 6.5, 7.5, 7.5], "texture": "#3"},
				"up": {"uv": [4.75, 8.75, 4, 7.75], "texture": "#3"},
				"down": {"uv": [8.5, 4, 7.75, 5], "texture": "#3"}
			}
		},
		{
			"from": [7.75, 11, 5.41421],
			"to": [8.75, 13, 7.41421],
			"rotation": {"angle": 45, "axis": "x", "origin": [8.25, 12, 6.41421]},
			"faces": {
				"north": {"uv": [4.75, 7.75, 5, 8.25], "texture": "#3"},
				"east": {"uv": [4, 9.25, 4.5, 9.75], "texture": "#3"},
				"south": {"uv": [8.75, 9.25, 9, 9.75], "texture": "#3"},
				"west": {"uv": [4.5, 9.25, 5, 9.75], "texture": "#3"},
				"up": {"uv": [0.25, 10, 0, 9.5], "texture": "#3"},
				"down": {"uv": [0.5, 9.5, 0.25, 10], "texture": "#3"}
			}
		},
		{
			"from": [7.75, 11, 8.58579],
			"to": [8.75, 13, 10.58579],
			"rotation": {"angle": -45, "axis": "x", "origin": [8.25, 12, 9.58579]},
			"faces": {
				"north": {"uv": [0.5, 9.5, 0.75, 10], "texture": "#3"},
				"east": {"uv": [6.5, 9.25, 7, 9.75], "texture": "#3"},
				"south": {"uv": [0.75, 9.5, 1, 10], "texture": "#3"},
				"west": {"uv": [9.25, 6.5, 9.75, 7], "texture": "#3"},
				"up": {"uv": [1.25, 10, 1, 9.5], "texture": "#3"},
				"down": {"uv": [1.5, 9.5, 1.25, 10], "texture": "#3"}
			}
		},
		{
			"from": [7.749, 11.999, 5.999],
			"to": [8.751, 16.001, 10.001],
			"rotation": {"angle": 0, "axis": "y", "origin": [8.25, 5, 8]},
			"faces": {
				"north": {"uv": [1.75, 9, 2, 10], "texture": "#3"},
				"east": {"uv": [8, 0, 7, 1], "texture": "#3"},
				"south": {"uv": [7, 9.25, 7.25, 10.25], "texture": "#3"},
				"west": {"uv": [7, 0, 8, 1], "texture": "#3"},
				"up": {"uv": [7.5, 10.25, 7.25, 9.25], "texture": "#3"},
				"down": {"uv": [7.75, 9.25, 7.5, 10.25], "texture": "#3"}
			}
		},
		{
			"from": [7.75, 12.14645, 7.6967],
			"to": [8.75, 14.14645, 10.6967],
			"rotation": {"angle": -45, "axis": "x", "origin": [8.25, 15.64645, 6.6967]},
			"faces": {
				"north": {"uv": [2.25, 9.5, 2.5, 10], "texture": "#3"},
				"east": {"uv": [9, 4.5, 9.75, 5], "texture": "#3"},
				"south": {"uv": [2.5, 9.5, 2.75, 10], "texture": "#3"},
				"west": {"uv": [9, 5, 9.75, 5.5], "texture": "#3"},
				"up": {"uv": [8, 10, 7.75, 9.25], "texture": "#3"},
				"down": {"uv": [8.25, 9.25, 8, 10], "texture": "#3"}
			}
		},
		{
			"from": [7.75, 13.11091, 7.26777],
			"to": [8.75, 16.11091, 9.26777],
			"rotation": {"angle": -45, "axis": "x", "origin": [8.25, 12.11091, 5.76777]},
			"faces": {
				"north": {"uv": [8.25, 9.25, 8.5, 10], "texture": "#3"},
				"east": {"uv": [9, 5.5, 9.5, 6.25], "texture": "#3"},
				"south": {"uv": [8.5, 9.25, 8.75, 10], "texture": "#3"},
				"west": {"uv": [9, 8, 9.5, 8.75], "texture": "#3"},
				"up": {"uv": [3.75, 10, 3.5, 9.5], "texture": "#3"},
				"down": {"uv": [4, 9.5, 3.75, 10], "texture": "#3"}
			}
		},
		{
			"from": [7.749, 15.999, 3.999],
			"to": [8.751, 23.001, 12.001],
			"rotation": {"angle": 0, "axis": "y", "origin": [8.25, 5, 8]},
			"faces": {
				"north": {"uv": [5, 8.75, 5.25, 10.5], "texture": "#3"},
				"east": {"uv": [6, 0, 4, 1.75], "texture": "#3"},
				"south": {"uv": [5.25, 8.75, 5.5, 10.5], "texture": "#3"},
				"west": {"uv": [4, 0, 6, 1.75], "texture": "#3"},
				"up": {"uv": [6.5, 10.25, 6.25, 8.25], "texture": "#3"},
				"down": {"uv": [2.25, 8.5, 2, 10.5], "texture": "#3"}
			}
		},
		{
			"from": [7.25, 17, 5.5],
			"to": [9.25, 21, 9.5],
			"rotation": {"angle": -45, "axis": "x", "origin": [8.25, 19.5, 8]},
			"faces": {
				"north": {"uv": [2.25, 8.5, 2.75, 9.5], "texture": "#3"},
				"east": {"uv": [7, 1, 8, 2], "texture": "#3"},
				"south": {"uv": [8.5, 3, 9, 4], "texture": "#3"},
				"west": {"uv": [7, 2, 8, 3], "texture": "#3"},
				"up": {"uv": [4, 9.5, 3.5, 8.5], "texture": "#3"},
				"down": {"uv": [9, 4, 8.5, 5], "texture": "#3"}
			}
		},
		{
			"from": [7.751, 19.001, 4.001],
			"to": [8.749, 26.999, 11.999],
			"rotation": {"angle": -45, "axis": "x", "origin": [8.25, 23, 8]},
			"faces": {
				"north": {"uv": [8.75, 0, 9, 2], "texture": "#3"},
				"east": {"uv": [4, 2, 2, 4], "texture": "#3"},
				"south": {"uv": [2.75, 8.75, 3, 10.75], "texture": "#3"},
				"west": {"uv": [2, 2, 4, 4], "texture": "#3"},
				"up": {"uv": [3.25, 10.75, 3, 8.75], "texture": "#3"},
				"down": {"uv": [3.5, 8.75, 3.25, 10.75], "texture": "#3"}
			}
		},
		{
			"from": [6.749, 2.999, 4.999],
			"to": [9.751, 4.001, 11.001],
			"rotation": {"angle": 0, "axis": "y", "origin": [8.25, 5, 8]},
			"faces": {
				"north": {"uv": [9.25, 7, 10, 7.25], "texture": "#3"},
				"east": {"uv": [9, 6.25, 10.5, 6.5], "texture": "#3"},
				"south": {"uv": [9.25, 7.25, 10, 7.5], "texture": "#3"},
				"west": {"uv": [9, 8.75, 10.5, 9], "texture": "#3"},
				"up": {"uv": [2.75, 7.5, 2, 6], "texture": "#3"},
				"down": {"uv": [3.5, 6, 2.75, 7.5], "texture": "#3"}
			}
		},
		{
			"from": [6.749, -7.001, 5.999],
			"to": [9.751, -4.999, 10.001],
			"rotation": {"angle": 0, "axis": "y", "origin": [8.25, 5, 8]},
			"faces": {
				"north": {"uv": [9, 9, 9.75, 9.5], "texture": "#3"},
				"east": {"uv": [4, 8.75, 5, 9.25], "texture": "#3"},
				"south": {"uv": [9.25, 2, 10, 2.5], "texture": "#3"},
				"west": {"uv": [6.5, 8.75, 7.5, 9.25], "texture": "#3"},
				"up": {"uv": [8.75, 1, 8, 0], "texture": "#3"},
				"down": {"uv": [8.75, 1, 8, 2], "texture": "#3"}
			}
		}
	],
	"gui_light": "front",
	"display": {
		"thirdperson_righthand": {
			"translation": [0, 5.5, 0],
			"scale": [0.8, 0.8, 0.8]
		},
		"thirdperson_lefthand": {
			"translation": [0, 5.5, 0],
			"scale": [0.8, 0.8, 0.8]
		},
		"firstperson_righthand": {
			"rotation": [-26, -6, -30],
			"translation": [13.25, -0.75, -9.75],
			"scale": [0.75, 0.75, 0.75]
		},
		"firstperson_lefthand": {
			"rotation": [-26, -6, -30],
			"translation": [13.25, -0.75, -9.75],
			"scale": [0.75, 0.75, 0.75]
		},
		"ground": {
			"rotation": [-150, 35, 0],
			"translation": [0, 3.5, 4],
			"scale": [0.5, 0.5, 0.5]
		},
		"gui": {
			"rotation": [-90, -45, -90],
			"translation": [-0.5, -0.5, 0],
			"scale": [0.5, 0.5, 0.5]
		},
		"fixed": {
			"rotation": [-90, 45, 90],
			"translation": [0.5, -0.5, -0.25],
			"scale": [0.6, 0.6, 0.6]
		}
	},
	"groups": [
		{
			"name": "shortblade",
			"origin": [8, 8, 8],
			"color": 0,
			"children": [0, 1, 2, 3, 4, 5, 6, 7, 8, 9, 10, 11, 12, 13, 14, 15, 16, 17, 18, 19, 20]
		}
	]
}