{
	"credit": "Made by Elo106",
	"texture_size": [64, 64],
	"textures": {
		"1": "item/voxelspawns/vs_eswords_1"
	},
	"elements": [
		{
			"from": [7.25, -1.69475, 7.11011],
			"to": [9.25, 6.30525, 9.11011],
			"rotation": {"angle": 0, "axis": "y", "origin": [8.25, 2.30525, 8.11011]},
			"faces": {
				"north": {"uv": [3.75, 3, 4.25, 5], "texture": "#1"},
				"east": {"uv": [3, 4, 3.5, 6], "texture": "#1"},
				"south": {"uv": [2.5, 3.5, 3, 5.5], "texture": "#1"},
				"west": {"uv": [3.75, 1, 4.25, 3], "texture": "#1"},
				"up": {"uv": [6.75, 5, 6.25, 4.5], "rotation": 180, "texture": "#1"},
				"down": {"uv": [7.5, 3.5, 7, 4], "rotation": 180, "texture": "#1"}
			}
		},
		{
			"from": [6.75, -4.69475, 6.61011],
			"to": [9.75, -1.69475, 9.61011],
			"rotation": {"angle": 0, "axis": "y", "origin": [8.25, 2.30525, 8.11011]},
			"faces": {
				"north": {"uv": [3.5, 6, 4.25, 6.75], "texture": "#1"},
				"east": {"uv": [4.25, 6, 5, 6.75], "texture": "#1"},
				"south": {"uv": [6, 5, 6.75, 5.75], "texture": "#1"},
				"west": {"uv": [6, 5.75, 6.75, 6.5], "texture": "#1"},
				"up": {"uv": [7, 0.75, 6.25, 0], "texture": "#1"},
				"down": {"uv": [7, 0.75, 6.25, 1.5], "texture": "#1"}
			}
		},
		{
			"from": [6.25, -7.5, 5.61011],
			"to": [10.25, -3.69475, 9.61011],
			"rotation": {"angle": -45, "axis": "x", "origin": [8.25, -5.19475, 8.11011]},
			"faces": {
				"north": {"uv": [0, 4.25, 1, 5.25], "texture": "#1"},
				"east": {"uv": [4.25, 1, 5.25, 2], "texture": "#1"},
				"south": {"uv": [4.25, 2, 5.25, 3], "texture": "#1"},
				"west": {"uv": [4.25, 3, 5.25, 4], "texture": "#1"},
				"up": {"uv": [5.25, 5, 4.25, 4], "texture": "#1"},
				"down": {"uv": [2, 5, 1, 6], "texture": "#1"}
			}
		},
		{
			"from": [7.75, 13.30525, 8.61011],
			"to": [8.75, 23.30525, 10.61011],
			"rotation": {"angle": 0, "axis": "y", "origin": [8.25, 16.30525, 12.61011]},
			"faces": {
				"north": {"uv": [5.25, 2.5, 5.5, 5], "texture": "#1"},
				"east": {"uv": [1, 1, 1.5, 3.5], "texture": "#1"},
				"south": {"uv": [2.5, 5.5, 2.75, 8], "texture": "#1"},
				"west": {"uv": [1.5, 1, 2, 3.5], "texture": "#1"},
				"up": {"uv": [7.75, 1.5, 7.5, 1], "texture": "#1"},
				"down": {"uv": [7.75, 1.5, 7.5, 2], "texture": "#1"}
			}
		},
		{
			"from": [7.75, 13.30525, 5.61011],
			"to": [8.75, 23.30525, 7.61011],
			"rotation": {"angle": 0, "axis": "y", "origin": [8.25, 16.30525, 12.61011]},
			"faces": {
				"north": {"uv": [5.5, 2.5, 5.75, 5], "texture": "#1"},
				"east": {"uv": [2, 1, 2.5, 3.5], "texture": "#1"},
				"south": {"uv": [2.75, 5.5, 3, 8], "texture": "#1"},
				"west": {"uv": [2.5, 1, 3, 3.5], "texture": "#1"},
				"up": {"uv": [7.75, 3.75, 7.5, 3.25], "texture": "#1"},
				"down": {"uv": [3.75, 7.5, 3.5, 8], "texture": "#1"}
			}
		},
		{
			"from": [7.752, 19.07054, 3.77481],
			"to": [8.748, 24.06654, 5.77081],
			"rotation": {"angle": 22.5, "axis": "x", "origin": [8.25, 19.06854, 4.77281]},
			"faces": {
				"north": {"uv": [2, 6.5, 2.25, 7.75], "texture": "#1"},
				"east": {"uv": [5.5, 5, 6, 6.25], "texture": "#1"},
				"south": {"uv": [2.25, 6.5, 2.5, 7.75], "texture": "#1"},
				"west": {"uv": [5.75, 0, 6.25, 1.25], "texture": "#1"},
				"up": {"uv": [4, 8, 3.75, 7.5], "texture": "#1"},
				"down": {"uv": [7.75, 3.75, 7.5, 4.25], "texture": "#1"}
			}
		},
		{
			"from": [7.751, 22.84745, 5.30454],
			"to": [8.749, 24.84545, 7.30254],
			"rotation": {"angle": -22.5, "axis": "x", "origin": [8.25, 23.84645, 6.30354]},
			"faces": {
				"north": {"uv": [4, 7.5, 4.25, 8], "texture": "#1"},
				"east": {"uv": [7, 4, 7.5, 4.5], "texture": "#1"},
				"south": {"uv": [4.25, 7.5, 4.5, 8], "texture": "#1"},
				"west": {"uv": [1.25, 7.25, 1.75, 7.75], "texture": "#1"},
				"up": {"uv": [7.75, 4.75, 7.5, 4.25], "texture": "#1"},
				"down": {"uv": [4.75, 7.5, 4.5, 8], "texture": "#1"}
			}
		},
		{
			"from": [7.751, 22.84745, 8.91767],
			"to": [8.749, 24.84545, 10.91567],
			"rotation": {"angle": 22.5, "axis": "x", "origin": [8.25, 23.84645, 9.91667]},
			"faces": {
				"north": {"uv": [4.75, 7.5, 5, 8], "texture": "#1"},
				"east": {"uv": [7.25, 2.25, 7.75, 2.75], "texture": "#1"},
				"south": {"uv": [7.5, 4.75, 7.75, 5.25], "texture": "#1"},
				"west": {"uv": [7.25, 2.75, 7.75, 3.25], "texture": "#1"},
				"up": {"uv": [7.75, 5.75, 7.5, 5.25], "texture": "#1"},
				"down": {"uv": [7.75, 5.75, 7.5, 6.25], "texture": "#1"}
			}
		},
		{
			"from": [7.752, 19.07054, 10.4494],
			"to": [8.748, 24.06654, 12.4454],
			"rotation": {"angle": -22.5, "axis": "x", "origin": [8.25, 19.06854, 11.4474]},
			"faces": {
				"north": {"uv": [0.75, 6.75, 1, 8], "texture": "#1"},
				"east": {"uv": [5.75, 1.25, 6.25, 2.5], "texture": "#1"},
				"south": {"uv": [7, 1, 7.25, 2.25], "texture": "#1"},
				"west": {"uv": [5.75, 2.5, 6.25, 3.75], "texture": "#1"},
				"up": {"uv": [7.75, 6.75, 7.5, 6.25], "texture": "#1"},
				"down": {"uv": [7.75, 6.75, 7.5, 7.25], "texture": "#1"}
			}
		},
		{
			"from": [7.749, 9.06754, 3.77181],
			"to": [8.751, 14.06954, 5.77381],
			"rotation": {"angle": 22.5, "axis": "x", "origin": [8.25, 9.06854, 4.77281]},
			"faces": {
				"north": {"uv": [7, 2.25, 7.25, 3.5], "texture": "#1"},
				"east": {"uv": [5.75, 3.75, 6.25, 5], "texture": "#1"},
				"south": {"uv": [7, 6.25, 7.25, 7.5], "texture": "#1"},
				"west": {"uv": [1, 6, 1.5, 7.25], "texture": "#1"},
				"up": {"uv": [7.25, 8, 7, 7.5], "texture": "#1"},
				"down": {"uv": [7.75, 7.25, 7.5, 7.75], "texture": "#1"}
			}
		},
		{
			"from": [7.749, 9.06754, 10.4464],
			"to": [8.751, 14.06954, 12.4484],
			"rotation": {"angle": -22.5, "axis": "x", "origin": [8.25, 9.06854, 11.4474]},
			"faces": {
				"north": {"uv": [1, 7.25, 1.25, 8.5], "texture": "#1"},
				"east": {"uv": [1.5, 6, 2, 7.25], "texture": "#1"},
				"south": {"uv": [7.25, 1, 7.5, 2.25], "texture": "#1"},
				"west": {"uv": [3, 6, 3.5, 7.25], "texture": "#1"},
				"up": {"uv": [8, 0.5, 7.75, 0], "texture": "#1"},
				"down": {"uv": [8, 0.5, 7.75, 1], "texture": "#1"}
			}
		},
		{
			"from": [7.75, 9.07062, 9.76235],
			"to": [8.75, 12.07062, 12.76235],
			"rotation": {"angle": 22.5, "axis": "x", "origin": [8.25, 9.07062, 10.76235]},
			"faces": {
				"north": {"uv": [6.25, 7.25, 6.5, 8], "texture": "#1"},
				"east": {"uv": [6.25, 1.5, 7, 2.25], "texture": "#1"},
				"south": {"uv": [7.25, 6.25, 7.5, 7], "texture": "#1"},
				"west": {"uv": [6.25, 2.25, 7, 3], "texture": "#1"},
				"up": {"uv": [6.75, 8, 6.5, 7.25], "texture": "#1"},
				"down": {"uv": [7, 7.25, 6.75, 8], "texture": "#1"}
			}
		},
		{
			"from": [7.75, 8.68793, 3.53398],
			"to": [8.75, 11.68793, 6.53398],
			"rotation": {"angle": -22.5, "axis": "x", "origin": [8.25, 8.68793, 4.53398]},
			"faces": {
				"north": {"uv": [7.25, 7, 7.5, 7.75], "texture": "#1"},
				"east": {"uv": [6.25, 3, 7, 3.75], "texture": "#1"},
				"south": {"uv": [0, 7.5, 0.25, 8.25], "texture": "#1"},
				"west": {"uv": [6.25, 3.75, 7, 4.5], "texture": "#1"},
				"up": {"uv": [0.5, 8.25, 0.25, 7.5], "texture": "#1"},
				"down": {"uv": [0.75, 7.5, 0.5, 8.25], "texture": "#1"}
			}
		},
		{
			"from": [6.75, 4.68793, 2.53398],
			"to": [9.75, 10.68793, 4.53398],
			"rotation": {"angle": -22.5, "axis": "x", "origin": [8.25, 8.68793, 4.53398]},
			"faces": {
				"north": {"uv": [1, 3.5, 1.75, 5], "texture": "#1"},
				"east": {"uv": [0.5, 5.25, 1, 6.75], "texture": "#1"},
				"south": {"uv": [1.75, 3.5, 2.5, 5], "texture": "#1"},
				"west": {"uv": [5.25, 1, 5.75, 2.5], "texture": "#1"},
				"up": {"uv": [7.75, 0.5, 7, 0], "texture": "#1"},
				"down": {"uv": [7.75, 0.5, 7, 1], "texture": "#1"}
			}
		},
		{
			"from": [6.75, -4.49231, 13.83841],
			"to": [9.75, 1.50769, 15.83841],
			"rotation": {"angle": 22.5, "axis": "x", "origin": [9.25, 9.50769, 35.83841]},
			"faces": {
				"north": {"uv": [2.5, 3.5, 1.75, 5], "texture": "#1"},
				"east": {"uv": [1, 5.25, 0.5, 6.75], "texture": "#1"},
				"south": {"uv": [1.75, 3.5, 1, 5], "texture": "#1"},
				"west": {"uv": [5.75, 1, 5.25, 2.5], "texture": "#1"},
				"up": {"uv": [7.75, 0, 7, 0.5], "texture": "#1"},
				"down": {"uv": [7.75, 1, 7, 0.5], "texture": "#1"}
			}
		},
		{
			"from": [7.748, 8.30325, 3.60811],
			"to": [8.752, 10.30725, 12.61211],
			"rotation": {"angle": 0, "axis": "y", "origin": [8.25, 12.30525, 10.61011]},
			"faces": {
				"north": {"uv": [7.75, 1, 8, 1.5], "texture": "#1"},
				"east": {"uv": [3.25, 0, 5.5, 0.5], "texture": "#1"},
				"south": {"uv": [1.25, 7.75, 1.5, 8.25], "texture": "#1"},
				"west": {"uv": [3.25, 0.5, 5.5, 1], "texture": "#1"},
				"up": {"uv": [5.25, 8.25, 5, 6], "texture": "#1"},
				"down": {"uv": [5.5, 6, 5.25, 8.25], "texture": "#1"}
			}
		},
		{
			"from": [7.25, 6.30525, 1.61011],
			"to": [9.25, 8.30525, 14.61011],
			"rotation": {"angle": 0, "axis": "y", "origin": [8.25, 12.30525, 10.61011]},
			"faces": {
				"north": {"uv": [3, 7.25, 3.5, 7.75], "texture": "#1"},
				"east": {"uv": [0, 0, 3.25, 0.5], "texture": "#1"},
				"south": {"uv": [5.5, 7.25, 6, 7.75], "texture": "#1"},
				"west": {"uv": [0, 0.5, 3.25, 1], "texture": "#1"},
				"up": {"uv": [0.5, 4.25, 0, 1], "texture": "#1"},
				"down": {"uv": [1, 1, 0.5, 4.25], "texture": "#1"}
			}
		},
		{
			"from": [6.75, 7.30525, 6.61011],
			"to": [9.75, 10.30525, 9.61011],
			"rotation": {"angle": -45, "axis": "x", "origin": [8.25, 8.80525, 8.11011]},
			"faces": {
				"north": {"uv": [5.5, 6.5, 6.25, 7.25], "texture": "#1"},
				"east": {"uv": [6.25, 6.5, 7, 7.25], "texture": "#1"},
				"south": {"uv": [0, 6.75, 0.75, 7.5], "texture": "#1"},
				"west": {"uv": [3.5, 6.75, 4.25, 7.5], "texture": "#1"},
				"up": {"uv": [5, 7.5, 4.25, 6.75], "texture": "#1"},
				"down": {"uv": [7.5, 4.5, 6.75, 5.25], "texture": "#1"}
			}
		},
		{
			"from": [7.75, 5.30525, 4.61011],
			"to": [8.75, 9.30525, 8.61011],
			"rotation": {"angle": -45, "axis": "x", "origin": [8.25, 8.80525, 8.11011]},
			"faces": {
				"north": {"uv": [3.5, 4, 3.75, 5], "texture": "#1"},
				"east": {"uv": [3.5, 5, 4.5, 6], "texture": "#1"},
				"south": {"uv": [5.5, 0, 5.75, 1], "texture": "#1"},
				"west": {"uv": [4.5, 5, 5.5, 6], "texture": "#1"},
				"up": {"uv": [2, 8.25, 1.75, 7.25], "texture": "#1"},
				"down": {"uv": [6.25, 7.25, 6, 8.25], "texture": "#1"}
			}
		}
	],
	"gui_light": "front",
	"display": {
		"thirdperson_righthand": {
			"translation": [0, 3, -0.25],
			"scale": [0.8, 0.8, 0.8]
		},
		"thirdperson_lefthand": {
			"translation": [0, 3, -0.25],
			"scale": [0.8, 0.8, 0.8]
		},
		"firstperson_righthand": {
			"rotation": [-26, -6, -30],
			"translation": [13.25, -0.75, -9.75],
			"scale": [0.75, 0.75, 0.75]
		},
		"firstperson_lefthand": {
			"rotation": [-26, -6, -30],
			"translation": [13.25, -0.75, -9.75],
			"scale": [0.75, 0.75, 0.75]
		},
		"ground": {
			"rotation": [-150, 35, 0],
			"translation": [0, 3.5, 4],
			"scale": [0.5, 0.5, 0.5]
		},
		"gui": {
			"rotation": [-90, -45, -90],
			"translation": [-0.5, -0.5, 0],
			"scale": [0.59, 0.59, 0.59]
		},
		"fixed": {
			"rotation": [-90, 45, 90],
			"translation": [0.5, -0.5, -0.25],
			"scale": [0.6, 0.6, 0.6]
		}
	},
	"groups": [
		{
			"name": "chismblade",
			"origin": [0, -9, -5],
			"color": 0,
			"children": [0, 1, 2, 3, 4, 5, 6, 7, 8, 9, 10, 11, 12, 13, 14, 15, 16, 17, 18]
		}
	]
}