{
	"credit": "Made by Elo106",
	"texture_size": [64, 64],
	"textures": {
		"5": "item/voxelspawns/vs_eswords_5"
	},
	"elements": [
		{
			"from": [6.91837, -3.0684, 7.14645],
			"to": [8.91837, 16.9316, 9.14645],
			"rotation": {"angle": 0, "axis": "y", "origin": [-4.83163, -3.0684, 2.64645]},
			"faces": {
				"north": {"uv": [3, 1.5, 3.5, 6.5], "texture": "#5"},
				"east": {"uv": [2, 3, 2.5, 8], "texture": "#5"},
				"south": {"uv": [2.5, 3, 3, 8], "texture": "#5"},
				"west": {"uv": [3.5, 1.5, 4, 6.5], "texture": "#5"},
				"up": {"uv": [9.5, 5, 9, 4.5], "texture": "#5"},
				"down": {"uv": [9.5, 6.5, 9, 7], "texture": "#5"}
			}
		},
		{
			"from": [6.91737, 13.9306, 6.64545],
			"to": [8.91937, 17.9326, 10.64745],
			"rotation": {"angle": 45, "axis": "x", "origin": [7.91837, 16.4316, 8.14645]},
			"faces": {
				"north": {"uv": [8.25, 1.25, 8.75, 2.25], "texture": "#5"},
				"east": {"uv": [3, 6.5, 4, 7.5], "texture": "#5"},
				"south": {"uv": [2.75, 8.25, 3.25, 9.25], "texture": "#5"},
				"west": {"uv": [6.5, 3.75, 7.5, 4.75], "texture": "#5"},
				"up": {"uv": [3.75, 9.25, 3.25, 8.25], "texture": "#5"},
				"down": {"uv": [5.25, 8.25, 4.75, 9.25], "texture": "#5"}
			}
		},
		{
			"from": [6.41837, 14.9316, 7.64645],
			"to": [9.41837, 16.9316, 9.64645],
			"rotation": {"angle": 45, "axis": "x", "origin": [7.91837, 16.4316, 8.14645]},
			"faces": {
				"north": {"uv": [4, 8.75, 4.75, 9.25], "texture": "#5"},
				"east": {"uv": [9, 7, 9.5, 7.5], "texture": "#5"},
				"south": {"uv": [8.75, 5, 9.5, 5.5], "texture": "#5"},
				"west": {"uv": [5, 9.25, 5.5, 9.75], "texture": "#5"},
				"up": {"uv": [9.5, 6, 8.75, 5.5], "texture": "#5"},
				"down": {"uv": [9.5, 6, 8.75, 6.5], "texture": "#5"}
			}
		},
		{
			"from": [6.41837, 4.9316, 5.64645],
			"to": [9.41837, 9.9316, 10.64645],
			"rotation": {"angle": 45, "axis": "x", "origin": [7.91837, 7.4316, 8.14645]},
			"faces": {
				"north": {"uv": [1.25, 4.5, 2, 5.75], "texture": "#5"},
				"east": {"uv": [0, 6, 1.25, 7.25], "texture": "#5"},
				"south": {"uv": [1.25, 5.75, 2, 7], "texture": "#5"},
				"west": {"uv": [6.25, 0, 7.5, 1.25], "texture": "#5"},
				"up": {"uv": [2, 8.25, 1.25, 7], "texture": "#5"},
				"down": {"uv": [5.75, 7, 5, 8.25], "texture": "#5"}
			}
		},
		{
			"from": [5.91837, 5.9316, 6.64645],
			"to": [9.91837, 8.9316, 9.64645],
			"rotation": {"angle": 45, "axis": "x", "origin": [7.91837, 7.4316, 8.14645]},
			"faces": {
				"north": {"uv": [0, 7.25, 1, 8], "texture": "#5"},
				"east": {"uv": [7.75, 2.75, 8.5, 3.5], "texture": "#5"},
				"south": {"uv": [7.5, 0, 8.5, 0.75], "texture": "#5"},
				"west": {"uv": [0, 8, 0.75, 8.75], "texture": "#5"},
				"up": {"uv": [4, 8.25, 3, 7.5], "texture": "#5"},
				"down": {"uv": [8.5, 3.75, 7.5, 4.5], "texture": "#5"}
			}
		},
		{
			"from": [6.41837, -5.0684, 6.64645],
			"to": [9.41837, -2.0684, 9.64645],
			"rotation": {"angle": 45, "axis": "x", "origin": [7.91837, -3.5684, 8.14645]},
			"faces": {
				"north": {"uv": [2, 8, 2.75, 8.75], "texture": "#5"},
				"east": {"uv": [4, 8, 4.75, 8.75], "texture": "#5"},
				"south": {"uv": [8, 5, 8.75, 5.75], "texture": "#5"},
				"west": {"uv": [8, 5.75, 8.75, 6.5], "texture": "#5"},
				"up": {"uv": [8.75, 8.25, 8, 7.5], "texture": "#5"},
				"down": {"uv": [2, 8.25, 1.25, 9], "texture": "#5"}
			}
		},
		{
			"from": [6.91837, -7.0684, 7.64645],
			"to": [8.91837, -3.0684, 11.64645],
			"rotation": {"angle": 45, "axis": "x", "origin": [7.91837, -3.5684, 8.14645]},
			"faces": {
				"north": {"uv": [5.25, 8.25, 5.75, 9.25], "texture": "#5"},
				"east": {"uv": [6.5, 4.75, 7.5, 5.75], "texture": "#5"},
				"south": {"uv": [8, 8.25, 8.5, 9.25], "texture": "#5"},
				"west": {"uv": [6.5, 5.75, 7.5, 6.75], "texture": "#5"},
				"up": {"uv": [9, 3.25, 8.5, 2.25], "texture": "#5"},
				"down": {"uv": [9, 3.25, 8.5, 4.25], "texture": "#5"}
			}
		},
		{
			"from": [7.41837, 8.84661, 10.57858],
			"to": [8.41837, 12.84661, 20.57858],
			"rotation": {"angle": 22.5, "axis": "x", "origin": [7.91837, 16.21421, 8.14645]},
			"faces": {
				"north": {"uv": [5.5, 9.25, 5.75, 10.25], "texture": "#5"},
				"east": {"uv": [4, 1.5, 6.5, 2.5], "texture": "#5"},
				"south": {"uv": [8, 9.25, 8.25, 10.25], "texture": "#5"},
				"west": {"uv": [6.5, 1.5, 4, 2.5], "texture": "#5"},
				"up": {"uv": [6.75, 10.25, 6.5, 7.75], "texture": "#5"},
				"down": {"uv": [7, 7.75, 6.75, 10.25], "texture": "#5"}
			}
		},
		{
			"from": [6.91837, 7.84661, 15.57858],
			"to": [8.91837, 9.84661, 21.57858],
			"rotation": {"angle": 22.5, "axis": "x", "origin": [7.91837, 16.21421, 8.14645]},
			"faces": {
				"north": {"uv": [9.25, 7.5, 9.75, 8], "texture": "#5"},
				"east": {"uv": [7.5, 0.75, 9, 1.25], "texture": "#5"},
				"south": {"uv": [9.25, 8.75, 9.75, 9.25], "texture": "#5"},
				"west": {"uv": [7.5, 4.5, 9, 5], "texture": "#5"},
				"up": {"uv": [6.25, 8.5, 5.75, 7], "texture": "#5"},
				"down": {"uv": [8, 5, 7.5, 6.5], "texture": "#5"}
			}
		},
		{
			"from": [7.41937, 5.44697, 6.79795],
			"to": [8.41737, 8.44497, 8.79595],
			"rotation": {"angle": -45, "axis": "x", "origin": [7.91837, 16.21421, 8.14645]},
			"faces": {
				"north": {"uv": [0.75, 8, 1, 8.75], "texture": "#5"},
				"east": {"uv": [8.75, 7.5, 9.25, 8.25], "texture": "#5"},
				"south": {"uv": [9.5, 6.75, 9.75, 7.5], "texture": "#5"},
				"west": {"uv": [8.5, 8.75, 9, 9.5], "texture": "#5"},
				"up": {"uv": [8.5, 2.75, 8.25, 2.25], "texture": "#5"},
				"down": {"uv": [9, 9.5, 8.75, 10], "texture": "#5"}
			}
		},
		{
			"from": [6.91737, 3.93799, 0.79274],
			"to": [8.91937, 5.93999, 4.79474],
			"rotation": {"angle": -45, "axis": "x", "origin": [7.91837, 15.70724, 7.14324]},
			"faces": {
				"north": {"uv": [9.25, 9.25, 9.75, 9.75], "texture": "#5"},
				"east": {"uv": [8.5, 0, 9.5, 0.5], "texture": "#5"},
				"south": {"uv": [9.5, 0, 10, 0.5], "texture": "#5"},
				"west": {"uv": [8.5, 8.25, 9.5, 8.75], "texture": "#5"},
				"up": {"uv": [6.25, 9.5, 5.75, 8.5], "texture": "#5"},
				"down": {"uv": [0.5, 8.75, 0, 9.75], "texture": "#5"}
			}
		},
		{
			"from": [6.91837, 6.00932, -4.5224],
			"to": [8.91837, 8.00932, 1.4776],
			"rotation": {"angle": -22.5, "axis": "x", "origin": [8.41837, 13.37692, 3.90973]},
			"faces": {
				"north": {"uv": [9.5, 0.5, 10, 1], "texture": "#5"},
				"east": {"uv": [7.5, 6.5, 9, 7], "texture": "#5"},
				"south": {"uv": [9.5, 2.25, 10, 2.75], "texture": "#5"},
				"west": {"uv": [7.5, 7, 9, 7.5], "texture": "#5"},
				"up": {"uv": [8, 9, 7.5, 7.5], "texture": "#5"},
				"down": {"uv": [8.25, 1.25, 7.75, 2.75], "texture": "#5"}
			}
		},
		{
			"from": [6.91737, 6.05932, 12.37683],
			"to": [8.91937, 8.06132, 16.37883],
			"rotation": {"angle": 45, "axis": "x", "origin": [7.41837, 17.82856, 7.02833]},
			"faces": {
				"north": {"uv": [9.5, 2.75, 10, 3.25], "texture": "#5"},
				"east": {"uv": [8.75, 1.25, 9.75, 1.75], "texture": "#5"},
				"south": {"uv": [9.5, 3.25, 10, 3.75], "texture": "#5"},
				"west": {"uv": [8.75, 1.75, 9.75, 2.25], "texture": "#5"},
				"up": {"uv": [1, 9.75, 0.5, 8.75], "texture": "#5"},
				"down": {"uv": [2.5, 8.75, 2, 9.75], "texture": "#5"}
			}
		},
		{
			"from": [7.41737, 9.47311, 2.06381],
			"to": [8.41937, 15.47511, 14.06581],
			"rotation": {"angle": 0, "axis": "y", "origin": [7.91837, 16.21421, 8.14645]},
			"faces": {
				"north": {"uv": [1.25, 9, 1.5, 10.5], "texture": "#5"},
				"east": {"uv": [0, 0, 3, 1.5], "texture": "#5"},
				"south": {"uv": [1.5, 9, 1.75, 10.5], "texture": "#5"},
				"west": {"uv": [3, 0, 0, 1.5], "texture": "#5"},
				"up": {"uv": [6.5, 10, 6.25, 7], "texture": "#5"},
				"down": {"uv": [1.25, 7.25, 1, 10.25], "texture": "#5"}
			}
		},
		{
			"from": [7.41937, 16.07141, 9.4],
			"to": [8.41737, 22.06941, 14.398],
			"rotation": {"angle": -22.5, "axis": "x", "origin": [7.91837, 16.21421, 8.14645]},
			"faces": {
				"north": {"uv": [1.75, 9, 2, 10.5], "texture": "#5"},
				"east": {"uv": [0, 4.5, 1.25, 6], "texture": "#5"},
				"south": {"uv": [9, 2.25, 9.25, 3.75], "texture": "#5"},
				"west": {"uv": [1.25, 4.5, 0, 6], "texture": "#5"},
				"up": {"uv": [3, 10.5, 2.75, 9.25], "texture": "#5"},
				"down": {"uv": [3.25, 9.25, 3, 10.5], "texture": "#5"}
			}
		},
		{
			"from": [7.41837, 8.84661, -4.28568],
			"to": [8.41837, 12.84661, 5.71432],
			"rotation": {"angle": -22.5, "axis": "x", "origin": [7.91837, 16.21421, 8.14645]},
			"faces": {
				"north": {"uv": [8.25, 9.25, 8.5, 10.25], "texture": "#5"},
				"east": {"uv": [4, 3.5, 6.5, 4.5], "texture": "#5"},
				"south": {"uv": [9.5, 3.75, 9.75, 4.75], "texture": "#5"},
				"west": {"uv": [6.5, 3.5, 4, 4.5], "texture": "#5"},
				"up": {"uv": [7.25, 10.25, 7, 7.75], "texture": "#5"},
				"down": {"uv": [7.5, 7.75, 7.25, 10.25], "texture": "#5"}
			}
		},
		{
			"from": [7.41937, 5.44697, 7.49694],
			"to": [8.41737, 8.44497, 9.49494],
			"rotation": {"angle": 45, "axis": "x", "origin": [7.91837, 16.21421, 8.14645]},
			"faces": {
				"north": {"uv": [9.5, 8, 9.75, 8.75], "texture": "#5"},
				"east": {"uv": [9, 0.5, 9.5, 1.25], "texture": "#5"},
				"south": {"uv": [8.5, 9.5, 8.75, 10.25], "texture": "#5"},
				"west": {"uv": [9, 3.75, 9.5, 4.5], "texture": "#5"},
				"up": {"uv": [0.25, 10.25, 0, 9.75], "texture": "#5"},
				"down": {"uv": [0.5, 9.75, 0.25, 10.25], "texture": "#5"}
			}
		},
		{
			"from": [7.41737, 15.47311, 4.06381],
			"to": [8.41937, 21.47511, 12.06581],
			"rotation": {"angle": 0, "axis": "y", "origin": [7.91837, 16.21421, 8.14645]},
			"faces": {
				"north": {"uv": [7.5, 9, 7.75, 10.5], "texture": "#5"},
				"east": {"uv": [0, 3, 2, 4.5], "texture": "#5"},
				"south": {"uv": [7.75, 9, 8, 10.5], "texture": "#5"},
				"west": {"uv": [2, 3, 0, 4.5], "texture": "#5"},
				"up": {"uv": [4, 10.25, 3.75, 8.25], "texture": "#5"},
				"down": {"uv": [2.75, 8.75, 2.5, 10.75], "texture": "#5"}
			}
		},
		{
			"from": [7.41637, 21.47211, 6.06281],
			"to": [8.42037, 25.47611, 10.06681],
			"rotation": {"angle": 0, "axis": "y", "origin": [7.91837, 16.21421, 8.14645]},
			"faces": {
				"north": {"uv": [9.5, 4.75, 9.75, 5.75], "texture": "#5"},
				"east": {"uv": [6.5, 6.75, 7.5, 7.75], "texture": "#5"},
				"south": {"uv": [5.75, 9.5, 6, 10.5], "texture": "#5"},
				"west": {"uv": [7.5, 6.75, 6.5, 7.75], "texture": "#5"},
				"up": {"uv": [9.75, 6.75, 9.5, 5.75], "texture": "#5"},
				"down": {"uv": [6.25, 9.5, 6, 10.5], "texture": "#5"}
			}
		},
		{
			"from": [7.41937, 16.07141, 1.8949],
			"to": [8.41737, 22.06941, 6.8929],
			"rotation": {"angle": 22.5, "axis": "x", "origin": [7.91837, 16.21421, 8.14645]},
			"faces": {
				"north": {"uv": [9, 8.75, 9.25, 10.25], "texture": "#5"},
				"east": {"uv": [4, 5.5, 5.25, 7], "texture": "#5"},
				"south": {"uv": [9.25, 2.25, 9.5, 3.75], "texture": "#5"},
				"west": {"uv": [5.25, 5.5, 4, 7], "texture": "#5"},
				"up": {"uv": [3.5, 10.5, 3.25, 9.25], "texture": "#5"},
				"down": {"uv": [3.75, 9.25, 3.5, 10.5], "texture": "#5"}
			}
		},
		{
			"from": [7.41837, 19.23189, 0.12877],
			"to": [8.41837, 24.23189, 5.12877],
			"rotation": {"angle": 45, "axis": "x", "origin": [7.91837, 16.21421, 8.14645]},
			"faces": {
				"north": {"uv": [4, 9.25, 4.25, 10.5], "texture": "#5"},
				"east": {"uv": [6.5, 1.25, 7.75, 2.5], "texture": "#5"},
				"south": {"uv": [4.25, 9.25, 4.5, 10.5], "texture": "#5"},
				"west": {"uv": [7.75, 1.25, 6.5, 2.5], "texture": "#5"},
				"up": {"uv": [4.75, 10.5, 4.5, 9.25], "texture": "#5"},
				"down": {"uv": [5, 9.25, 4.75, 10.5], "texture": "#5"}
			}
		}
	],
	"gui_light": "front",
	"display": {
		"thirdperson_righthand": {
			"translation": [0, 3.75, 0],
			"scale": [0.8, 0.8, 0.8]
		},
		"thirdperson_lefthand": {
			"translation": [0, 3.75, 0],
			"scale": [0.8, 0.8, 0.8]
		},
		"firstperson_righthand": {
			"rotation": [-26, -6, -30],
			"translation": [13.25, -0.75, -9.75],
			"scale": [0.75, 0.75, 0.75]
		},
		"firstperson_lefthand": {
			"rotation": [-26, -6, -30],
			"translation": [13.25, -0.75, -9.75],
			"scale": [0.75, 0.75, 0.75]
		},
		"ground": {
			"rotation": [-150, 35, 0],
			"translation": [0, 3.5, 4],
			"scale": [0.5, 0.5, 0.5]
		},
		"gui": {
			"rotation": [-90, -45, -90],
			"translation": [-0.5, -0.75, 0],
			"scale": [0.59, 0.59, 0.59]
		},
		"fixed": {
			"rotation": [-90, 45, 90],
			"translation": [0.75, -1, -0.25],
			"scale": [0.6, 0.6, 0.6]
		}
	},
	"groups": [
		{
			"name": "magicblade",
			"origin": [8, 8, 8],
			"color": 0,
			"children": [0, 1, 2, 3, 4, 5, 6, 7, 8, 9, 10, 11, 12, 13, 14, 15, 16, 17, 18, 19, 20]
		}
	]
}