{
	"credit": "Made by Elo106",
	"texture_size": [64, 64],
	"textures": {
		"2": "item/voxelspawns/vs_eswords_2"
	},
	"elements": [
		{
			"from": [7, -3, 7],
			"to": [9, 6, 9],
			"rotation": {"angle": 0, "axis": "y", "origin": [16, -2, 2]},
			"faces": {
				"north": {"uv": [3.75, 4.25, 3.25, 6.5], "texture": "#2"},
				"east": {"uv": [1.75, 4.75, 1.25, 7], "texture": "#2"},
				"south": {"uv": [1.25, 4.75, 0.75, 7], "texture": "#2"},
				"west": {"uv": [5.25, 0.5, 4.75, 2.75], "texture": "#2"},
				"up": {"uv": [0, 7.75, 0.5, 7.25], "texture": "#2"},
				"down": {"uv": [6.25, 7.5, 6.75, 8], "texture": "#2"}
			}
		},
		{
			"from": [6.5, 5, 6],
			"to": [9.5, 6, 10],
			"rotation": {"angle": 0, "axis": "y", "origin": [16, -2, 2]},
			"faces": {
				"north": {"uv": [3, 8, 2.25, 8.25], "texture": "#2"},
				"east": {"uv": [8.5, 6.5, 7.5, 6.75], "texture": "#2"},
				"south": {"uv": [8.75, 2.25, 8, 2.5], "texture": "#2"},
				"west": {"uv": [8.5, 1, 7.5, 1.25], "texture": "#2"},
				"up": {"uv": [5.5, 4.5, 6.25, 3.5], "texture": "#2"},
				"down": {"uv": [5.5, 4.5, 6.25, 5.5], "texture": "#2"}
			}
		},
		{
			"from": [6.5, -4, 6],
			"to": [9.5, -3, 10],
			"rotation": {"angle": 0, "axis": "y", "origin": [16, -2, 2]},
			"faces": {
				"north": {"uv": [8.75, 2.5, 8, 2.75], "texture": "#2"},
				"east": {"uv": [8.5, 6.75, 7.5, 7], "texture": "#2"},
				"south": {"uv": [8.75, 2.75, 8, 3], "texture": "#2"},
				"west": {"uv": [7.75, 7.5, 6.75, 7.75], "texture": "#2"},
				"up": {"uv": [5.5, 6.5, 6.25, 5.5], "texture": "#2"},
				"down": {"uv": [6, 0.5, 6.75, 1.5], "texture": "#2"}
			}
		},
		{
			"from": [6.5, 6, 3],
			"to": [9.5, 8, 13],
			"rotation": {"angle": 0, "axis": "y", "origin": [16, -2, 2]},
			"faces": {
				"north": {"uv": [7.75, 0, 7, 0.5], "texture": "#2"},
				"east": {"uv": [7, 0, 4.5, 0.5], "texture": "#2"},
				"south": {"uv": [7, 7, 6.25, 7.5], "texture": "#2"},
				"west": {"uv": [3.25, 4.25, 0.75, 4.75], "texture": "#2"},
				"up": {"uv": [0, 5.5, 0.75, 3], "texture": "#2"},
				"down": {"uv": [3, 0, 3.75, 2.5], "texture": "#2"}
			}
		},
		{
			"from": [7.499, 9.999, 4.749],
			"to": [8.501, 22.001, 7.751],
			"rotation": {"angle": 0, "axis": "y", "origin": [16, 1, 2]},
			"faces": {
				"north": {"uv": [0.75, 5.5, 0.5, 8.5], "texture": "#2"},
				"east": {"uv": [0, 0, 0.75, 3], "texture": "#2"},
				"south": {"uv": [6.5, 1.5, 6.25, 4.5], "texture": "#2"},
				"west": {"uv": [0.75, 0, 0, 3], "texture": "#2"},
				"up": {"uv": [3.75, 2.5, 4, 1.75], "texture": "#2"},
				"down": {"uv": [3.75, 4.25, 4, 5], "texture": "#2"}
			}
		},
		{
			"from": [7.502, 16.91621, 11.04489],
			"to": [8.498, 18.91221, 13.04089],
			"rotation": {"angle": -45, "axis": "x", "origin": [8, 18.41421, 13.54289]},
			"faces": {
				"north": {"uv": [3.25, 2.5, 3, 3], "texture": "#2"},
				"east": {"uv": [0, 7.75, 0.5, 8.25], "texture": "#2"},
				"south": {"uv": [4.75, 1.25, 4.5, 1.75], "texture": "#2"},
				"west": {"uv": [0.5, 7.75, 0, 8.25], "texture": "#2"},
				"up": {"uv": [6.5, 4.5, 6.75, 4], "texture": "#2"},
				"down": {"uv": [8.25, 4.75, 8.5, 5.25], "texture": "#2"}
			}
		},
		{
			"from": [7.501, 17.001, 11.251],
			"to": [8.499, 23.999, 13.249],
			"rotation": {"angle": 0, "axis": "y", "origin": [8, 21.5, 11.75]},
			"faces": {
				"north": {"uv": [6.25, 1.5, 6, 3.25], "texture": "#2"},
				"east": {"uv": [4.5, 5.25, 5, 7], "texture": "#2"},
				"south": {"uv": [4.5, 6.5, 4.25, 8.25], "texture": "#2"},
				"west": {"uv": [5, 5.25, 4.5, 7], "texture": "#2"},
				"up": {"uv": [8.25, 5.75, 8.5, 5.25], "texture": "#2"},
				"down": {"uv": [5.5, 8.25, 5.75, 8.75], "texture": "#2"}
			}
		},
		{
			"from": [7.5, 19.62132, 10.99264],
			"to": [8.5, 26.62132, 13.99264],
			"rotation": {"angle": 45, "axis": "x", "origin": [8, 24.12132, 12.49264]},
			"faces": {
				"north": {"uv": [1.75, 7, 1.5, 8.75], "texture": "#2"},
				"east": {"uv": [3.25, 2.5, 4, 4.25], "texture": "#2"},
				"south": {"uv": [7.25, 2, 7, 3.75], "texture": "#2"},
				"west": {"uv": [4, 2.5, 3.25, 4.25], "texture": "#2"},
				"up": {"uv": [4.5, 1.25, 4.75, 0.5], "texture": "#2"},
				"down": {"uv": [5.25, 1.75, 5.5, 2.5], "texture": "#2"}
			}
		},
		{
			"from": [7.499, 9.999, 8.249],
			"to": [8.501, 22.001, 11.251],
			"rotation": {"angle": 0, "axis": "y", "origin": [16, 1, 14]},
			"faces": {
				"north": {"uv": [2, 6.25, 1.75, 9.25], "texture": "#2"},
				"east": {"uv": [1.5, 0, 2.25, 3], "texture": "#2"},
				"south": {"uv": [2.25, 6.25, 2, 9.25], "texture": "#2"},
				"west": {"uv": [2.25, 0, 1.5, 3], "texture": "#2"},
				"up": {"uv": [1.25, 8.5, 1.5, 7.75], "texture": "#2"},
				"down": {"uv": [4, 7.75, 4.25, 8.5], "texture": "#2"}
			}
		},
		{
			"from": [7.5, 19.62132, 2.00736],
			"to": [8.5, 26.62132, 5.00736],
			"rotation": {"angle": -45, "axis": "x", "origin": [8, 24.12132, 3.50736]},
			"faces": {
				"north": {"uv": [4.75, 7, 4.5, 8.75], "texture": "#2"},
				"east": {"uv": [4, 1.75, 4.75, 3.5], "texture": "#2"},
				"south": {"uv": [5, 7, 4.75, 8.75], "texture": "#2"},
				"west": {"uv": [4.75, 1.75, 4, 3.5], "texture": "#2"},
				"up": {"uv": [6, 8.5, 6.25, 7.75], "texture": "#2"},
				"down": {"uv": [6.25, 8, 6.5, 8.75], "texture": "#2"}
			}
		},
		{
			"from": [7.501, 17.001, 2.751],
			"to": [8.499, 23.999, 4.749],
			"rotation": {"angle": 0, "axis": "y", "origin": [8, 21.5, 4.25]},
			"faces": {
				"north": {"uv": [5.25, 7, 5, 8.75], "texture": "#2"},
				"east": {"uv": [0, 5.5, 0.5, 7.25], "texture": "#2"},
				"south": {"uv": [5.5, 7, 5.25, 8.75], "texture": "#2"},
				"west": {"uv": [0.5, 5.5, 0, 7.25], "texture": "#2"},
				"up": {"uv": [5.75, 8.75, 6, 8.25], "texture": "#2"},
				"down": {"uv": [8.25, 5.75, 8.5, 6.25], "texture": "#2"}
			}
		},
		{
			"from": [7.502, 16.91621, 2.95911],
			"to": [8.498, 18.91221, 4.95511],
			"rotation": {"angle": 45, "axis": "x", "origin": [8, 18.41421, 2.45711]},
			"faces": {
				"north": {"uv": [7, 8.25, 6.75, 8.75], "texture": "#2"},
				"east": {"uv": [0.75, 7.75, 1.25, 8.25], "texture": "#2"},
				"south": {"uv": [7.25, 8.25, 7, 8.75], "texture": "#2"},
				"west": {"uv": [1.25, 7.75, 0.75, 8.25], "texture": "#2"},
				"up": {"uv": [8.25, 7.5, 8.5, 7], "texture": "#2"},
				"down": {"uv": [7.25, 8.25, 7.5, 8.75], "texture": "#2"}
			}
		},
		{
			"from": [7, 7.75, 6.75],
			"to": [9, 12.75, 11.75],
			"rotation": {"angle": 45, "axis": "x", "origin": [8, 11.5, 8]},
			"faces": {
				"north": {"uv": [2.75, 6.25, 2.25, 7.5], "texture": "#2"},
				"east": {"uv": [3.25, 3, 2, 4.25], "texture": "#2"},
				"south": {"uv": [3.25, 6.25, 2.75, 7.5], "texture": "#2"},
				"west": {"uv": [2, 3, 0.75, 4.25], "texture": "#2"},
				"up": {"uv": [6.25, 5.75, 6.75, 4.5], "texture": "#2"},
				"down": {"uv": [6.25, 5.75, 6.75, 7], "texture": "#2"}
			}
		},
		{
			"from": [6.5, 9.25, 8.25],
			"to": [9.5, 11.25, 10.25],
			"rotation": {"angle": 45, "axis": "x", "origin": [8, 11.5, 8]},
			"faces": {
				"north": {"uv": [7.75, 7, 7, 7.5], "texture": "#2"},
				"east": {"uv": [4, 7.75, 3.5, 8.25], "texture": "#2"},
				"south": {"uv": [8, 2, 7.25, 2.5], "texture": "#2"},
				"west": {"uv": [3.5, 7.75, 3, 8.25], "texture": "#2"},
				"up": {"uv": [7.25, 3, 8, 2.5], "texture": "#2"},
				"down": {"uv": [7.25, 3, 8, 3.5], "texture": "#2"}
			}
		},
		{
			"from": [6.5, -5, 5],
			"to": [9.5, -4, 11],
			"rotation": {"angle": 0, "axis": "y", "origin": [16, -2, 2]},
			"faces": {
				"north": {"uv": [8.75, 3, 8, 3.25], "texture": "#2"},
				"east": {"uv": [8.75, 3.5, 7.25, 3.75], "texture": "#2"},
				"south": {"uv": [8.75, 3.25, 8, 3.5], "texture": "#2"},
				"west": {"uv": [8.5, 3.75, 7, 4], "texture": "#2"},
				"up": {"uv": [1.75, 6.25, 2.5, 4.75], "texture": "#2"},
				"down": {"uv": [2.5, 4.75, 3.25, 6.25], "texture": "#2"}
			}
		},
		{
			"from": [7, -7, 7],
			"to": [9, -5, 9],
			"rotation": {"angle": 45, "axis": "x", "origin": [8, -6, 8]},
			"faces": {
				"north": {"uv": [6, 7.75, 5.5, 8.25], "texture": "#2"},
				"east": {"uv": [7.75, 7.75, 7.25, 8.25], "texture": "#2"},
				"south": {"uv": [8.25, 7, 7.75, 7.5], "texture": "#2"},
				"west": {"uv": [7.25, 7.75, 6.75, 8.25], "texture": "#2"},
				"up": {"uv": [7.75, 8, 8.25, 7.5], "texture": "#2"},
				"down": {"uv": [8, 1.75, 8.5, 2.25], "texture": "#2"}
			}
		},
		{
			"from": [6.5, 3, 3],
			"to": [9.5, 6, 4],
			"rotation": {"angle": 0, "axis": "y", "origin": [16, -2, 2]},
			"faces": {
				"north": {"uv": [6.25, 6.5, 5.5, 7.25], "texture": "#2"},
				"east": {"uv": [8, 8, 7.75, 8.75], "texture": "#2"},
				"south": {"uv": [7.5, 0.5, 6.75, 1.25], "texture": "#2"},
				"west": {"uv": [6.75, 8, 6.5, 8.75], "texture": "#2"},
				"up": {"uv": [8, 8.25, 8.75, 8], "texture": "#2"},
				"down": {"uv": [8.25, 0, 9, 0.25], "texture": "#2"}
			}
		},
		{
			"from": [6.5, -7, 10],
			"to": [9.5, -5, 11],
			"rotation": {"angle": 0, "axis": "y", "origin": [16, -2, 2]},
			"faces": {
				"north": {"uv": [6.25, 7.25, 5.5, 7.75], "texture": "#2"},
				"east": {"uv": [8.5, 7.5, 8.25, 8], "texture": "#2"},
				"south": {"uv": [8.25, 0.5, 7.5, 1], "texture": "#2"},
				"west": {"uv": [7.75, 8.25, 7.5, 8.75], "texture": "#2"},
				"up": {"uv": [8.25, 0.5, 9, 0.25], "texture": "#2"},
				"down": {"uv": [8.25, 0.5, 9, 0.75], "texture": "#2"}
			}
		},
		{
			"from": [6.5, -7, 5],
			"to": [9.5, -5, 6],
			"rotation": {"angle": 0, "axis": "y", "origin": [16, -2, 2]},
			"faces": {
				"north": {"uv": [3, 7.5, 2.25, 8], "texture": "#2"},
				"east": {"uv": [8.5, 8.25, 8.25, 8.75], "texture": "#2"},
				"south": {"uv": [8.25, 4, 7.5, 4.5], "texture": "#2"},
				"west": {"uv": [8.25, 8.25, 8, 8.75], "texture": "#2"},
				"up": {"uv": [8.25, 1, 9, 0.75], "texture": "#2"},
				"down": {"uv": [8.25, 1.25, 9, 1.5], "texture": "#2"}
			}
		},
		{
			"from": [6.501, 2.91521, 2.20811],
			"to": [9.499, 7.91321, 4.20611],
			"rotation": {"angle": 45, "axis": "x", "origin": [8, 4.41421, 3.70711]},
			"faces": {
				"north": {"uv": [5.5, 2.75, 4.75, 4], "texture": "#2"},
				"east": {"uv": [7, 2.75, 6.5, 4], "texture": "#2"},
				"south": {"uv": [5.5, 4, 4.75, 5.25], "texture": "#2"},
				"west": {"uv": [7, 1.5, 6.5, 2.75], "texture": "#2"},
				"up": {"uv": [7.5, 5, 8.25, 4.5], "texture": "#2"},
				"down": {"uv": [7.5, 5, 8.25, 5.5], "texture": "#2"}
			}
		},
		{
			"from": [6.501, -7.08479, 5.20811],
			"to": [9.499, -4.08679, 6.20611],
			"rotation": {"angle": 45, "axis": "x", "origin": [8, -5.58579, 5.70711]},
			"faces": {
				"north": {"uv": [7.5, 4, 6.75, 4.75], "texture": "#2"},
				"east": {"uv": [0.5, 8.25, 0.25, 9], "texture": "#2"},
				"south": {"uv": [7.5, 4.75, 6.75, 5.5], "texture": "#2"},
				"west": {"uv": [0.25, 8.25, 0, 9], "texture": "#2"},
				"up": {"uv": [8.25, 1.75, 9, 1.5], "texture": "#2"},
				"down": {"uv": [2.25, 8.25, 3, 8.5], "texture": "#2"}
			}
		},
		{
			"from": [6.501, -7.08479, 9.79389],
			"to": [9.499, -4.08679, 10.79189],
			"rotation": {"angle": -45, "axis": "x", "origin": [8, -5.58579, 10.29289]},
			"faces": {
				"north": {"uv": [7.5, 5.5, 6.75, 6.25], "texture": "#2"},
				"east": {"uv": [1.25, 8.25, 1, 9], "texture": "#2"},
				"south": {"uv": [7.5, 6.25, 6.75, 7], "texture": "#2"},
				"west": {"uv": [1, 8.25, 0.75, 9], "texture": "#2"},
				"up": {"uv": [3, 8.5, 3.75, 8.25], "texture": "#2"},
				"down": {"uv": [8.25, 4, 9, 4.25], "texture": "#2"}
			}
		},
		{
			"from": [6.501, 3.03653, 10.08679],
			"to": [9.499, 8.03453, 12.08479],
			"rotation": {"angle": -45, "axis": "x", "origin": [8, 6.53553, 11.58579]},
			"faces": {
				"north": {"uv": [6, 0.5, 5.25, 1.75], "texture": "#2"},
				"east": {"uv": [4.25, 6.5, 3.75, 7.75], "texture": "#2"},
				"south": {"uv": [4.5, 5.25, 3.75, 6.5], "texture": "#2"},
				"west": {"uv": [3.75, 6.5, 3.25, 7.75], "texture": "#2"},
				"up": {"uv": [7.5, 6, 8.25, 5.5], "texture": "#2"},
				"down": {"uv": [7.5, 6, 8.25, 6.5], "texture": "#2"}
			}
		},
		{
			"from": [6.5, 3, 12],
			"to": [9.5, 6, 13],
			"rotation": {"angle": 0, "axis": "y", "origin": [16, -2, 2]},
			"faces": {
				"north": {"uv": [1.5, 7, 0.75, 7.75], "texture": "#2"},
				"east": {"uv": [4.5, 8.25, 4.25, 9], "texture": "#2"},
				"south": {"uv": [7.75, 1.25, 7, 2], "texture": "#2"},
				"west": {"uv": [4, 8.25, 3.75, 9], "texture": "#2"},
				"up": {"uv": [8.25, 4.5, 9, 4.25], "texture": "#2"},
				"down": {"uv": [8.25, 4.5, 9, 4.75], "texture": "#2"}
			}
		}
	],
	"gui_light": "front",
	"display": {
		"thirdperson_righthand": {
			"translation": [0, 4, 0],
			"scale": [0.8, 0.8, 0.8]
		},
		"thirdperson_lefthand": {
			"translation": [0, 4, 0],
			"scale": [0.8, 0.8, 0.8]
		},
		"firstperson_righthand": {
			"rotation": [-26, -6, -30],
			"translation": [13.25, -0.75, -9.75],
			"scale": [0.75, 0.75, 0.75]
		},
		"firstperson_lefthand": {
			"rotation": [-26, -6, -30],
			"translation": [13.25, -0.75, -9.75],
			"scale": [0.75, 0.75, 0.75]
		},
		"ground": {
			"rotation": [-150, 35, 0],
			"translation": [0, 3.5, 4],
			"scale": [0.5, 0.5, 0.5]
		},
		"gui": {
			"rotation": [-90, -45, -90],
			"translation": [-1.25, -1.25, 0],
			"scale": [0.5, 0.5, 0.5]
		},
		"fixed": {
			"rotation": [-90, 45, 90],
			"translation": [1.5, -1.5, -0.25],
			"scale": [0.6, 0.6, 0.6]
		}
	},
	"groups": [
		{
			"name": "modgudblade",
			"origin": [8, 8, 8],
			"color": 0,
			"children": [0, 1, 2, 3, 4, 5, 6, 7, 8, 9, 10, 11, 12, 13, 14, 15, 16, 17, 18, 19, 20, 21, 22, 23]
		}
	]
}