{
	"credit": "Made by Elo106",
	"texture_size": [64, 64],
	"textures": {
		"4": "item/voxelspawns/vs_eswords_4"
	},
	"elements": [
		{
			"from": [7.25, -6, 7],
			"to": [9.25, 5, 9],
			"rotation": {"angle": 0, "axis": "y", "origin": [-3.5, -6, -5]},
			"faces": {
				"north": {"uv": [3.25, 2, 3.75, 4.75], "texture": "#4"},
				"east": {"uv": [0, 3.5, 0.5, 6.25], "texture": "#4"},
				"south": {"uv": [0.5, 3.5, 1, 6.25], "texture": "#4"},
				"west": {"uv": [1, 3.5, 1.5, 6.25], "texture": "#4"},
				"up": {"uv": [3.75, 5.25, 3.25, 4.75], "texture": "#4"},
				"down": {"uv": [7.75, 0, 7.25, 0.5], "texture": "#4"}
			}
		},
		{
			"from": [7.249, 2.999, 5.999],
			"to": [9.251, 5.001, 10.001],
			"rotation": {"angle": 0, "axis": "y", "origin": [-3.5, -6, -5]},
			"faces": {
				"north": {"uv": [7.25, 0.5, 7.75, 1], "texture": "#4"},
				"east": {"uv": [4.75, 0.75, 5.75, 1.25], "texture": "#4"},
				"south": {"uv": [7.25, 2, 7.75, 2.5], "texture": "#4"},
				"west": {"uv": [6, 6, 7, 6.5], "texture": "#4"},
				"up": {"uv": [0.5, 7.25, 0, 6.25], "texture": "#4"},
				"down": {"uv": [1, 6.25, 0.5, 7.25], "texture": "#4"}
			}
		},
		{
			"from": [7.749, 24.09181, 2.35874],
			"to": [8.751, 26.09381, 11.36074],
			"rotation": {"angle": -22.5, "axis": "x", "origin": [8.75, 22.09281, 4.85974]},
			"faces": {
				"north": {"uv": [5.75, 0.75, 6, 1.25], "texture": "#4"},
				"east": {"uv": [6, 1.75, 3.75, 2.25], "texture": "#4"},
				"south": {"uv": [7.5, 4.25, 7.75, 4.75], "texture": "#4"},
				"west": {"uv": [3.75, 1.75, 6, 2.25], "texture": "#4"},
				"up": {"uv": [6.25, 3.5, 6, 1.25], "texture": "#4"},
				"down": {"uv": [6, 6, 5.75, 8.25], "texture": "#4"}
			}
		},
		{
			"from": [7.751, 19.09381, 2.36074],
			"to": [8.749, 24.09181, 4.35874],
			"rotation": {"angle": -22.5, "axis": "x", "origin": [8.75, 22.09281, 4.85974]},
			"faces": {
				"north": {"uv": [2.75, 6.5, 3, 7.75], "texture": "#4"},
				"east": {"uv": [5.75, 5.5, 5.25, 6.75], "texture": "#4"},
				"south": {"uv": [3, 6.5, 3.25, 7.75], "texture": "#4"},
				"west": {"uv": [5.25, 5.5, 5.75, 6.75], "texture": "#4"},
				"up": {"uv": [6.25, 8, 6, 7.5], "texture": "#4"},
				"down": {"uv": [6.5, 7.5, 6.25, 8], "texture": "#4"}
			}
		},
		{
			"from": [7.752, 11.75838, 4.9228],
			"to": [8.748, 16.75438, 8.9188],
			"rotation": {"angle": 0, "axis": "y", "origin": [8.75, 17.15638, 11.4208]},
			"faces": {
				"north": {"uv": [5.5, 6.75, 5.75, 8], "texture": "#4"},
				"east": {"uv": [4.75, 0, 3.75, 1.25], "texture": "#4"},
				"south": {"uv": [6.75, 7, 7, 8.25], "texture": "#4"},
				"west": {"uv": [3.75, 0, 4.75, 1.25], "texture": "#4"},
				"up": {"uv": [2, 8.25, 1.75, 7.25], "texture": "#4"},
				"down": {"uv": [7.5, 3.75, 7.25, 4.75], "texture": "#4"}
			}
		},
		{
			"from": [7.75, 17.65638, 3.4208],
			"to": [8.75, 25.65638, 9.4208],
			"rotation": {"angle": 0, "axis": "y", "origin": [8.75, 17.15638, 11.4208]},
			"faces": {
				"north": {"uv": [1, 6.25, 1.25, 8.25], "texture": "#4"},
				"east": {"uv": [3, 0, 1.5, 2], "texture": "#4"},
				"south": {"uv": [1.25, 6.25, 1.5, 8.25], "texture": "#4"},
				"west": {"uv": [1.5, 0, 3, 2], "texture": "#4"},
				"up": {"uv": [2.25, 7.75, 2, 6.25], "texture": "#4"},
				"down": {"uv": [2.5, 6.25, 2.25, 7.75], "texture": "#4"}
			}
		},
		{
			"from": [7.751, 15.65319, 2.42808],
			"to": [8.749, 18.65119, 8.42608],
			"rotation": {"angle": -22.5, "axis": "x", "origin": [8.75, 20.65219, 5.42708]},
			"faces": {
				"north": {"uv": [5.25, 7.25, 5.5, 8], "texture": "#4"},
				"east": {"uv": [5.25, 3, 3.75, 3.75], "texture": "#4"},
				"south": {"uv": [4, 7.5, 4.25, 8.25], "texture": "#4"},
				"west": {"uv": [3.75, 3, 5.25, 3.75], "texture": "#4"},
				"up": {"uv": [3.5, 7.75, 3.25, 6.25], "texture": "#4"},
				"down": {"uv": [3.75, 6.25, 3.5, 7.75], "texture": "#4"}
			}
		},
		{
			"from": [7.751, 10.54632, 7.48014],
			"to": [8.749, 13.54432, 12.47814],
			"rotation": {"angle": 22.5, "axis": "x", "origin": [8.75, 20.54532, 6.97914]},
			"faces": {
				"north": {"uv": [4.25, 7.5, 4.5, 8.25], "texture": "#4"},
				"east": {"uv": [5.75, 4.75, 4.5, 5.5], "texture": "#4"},
				"south": {"uv": [4.5, 7.5, 4.75, 8.25], "texture": "#4"},
				"west": {"uv": [4.5, 4.75, 5.75, 5.5], "texture": "#4"},
				"up": {"uv": [7.25, 8.25, 7, 7], "texture": "#4"},
				"down": {"uv": [0.25, 7.25, 0, 8.5], "texture": "#4"}
			}
		},
		{
			"from": [7.753, 6.18907, 4.00097],
			"to": [8.747, 12.18307, 8.99497],
			"rotation": {"angle": -22.5, "axis": "x", "origin": [8.25, 10.68607, 6.49797]},
			"faces": {
				"north": {"uv": [3.75, 6.25, 4, 7.75], "texture": "#4"},
				"east": {"uv": [2.5, 2, 1.25, 3.5], "texture": "#4"},
				"south": {"uv": [2.5, 6.5, 2.75, 8], "texture": "#4"},
				"west": {"uv": [1.25, 2, 2.5, 3.5], "texture": "#4"},
				"up": {"uv": [0.5, 8.5, 0.25, 7.25], "texture": "#4"},
				"down": {"uv": [0.75, 7.25, 0.5, 8.5], "texture": "#4"}
			}
		},
		{
			"from": [6.749, 4.18507, 1.99697],
			"to": [9.751, 6.18707, 9.99897],
			"rotation": {"angle": -22.5, "axis": "x", "origin": [8.25, 10.68607, 6.49797]},
			"faces": {
				"north": {"uv": [5.25, 3.25, 6, 3.75], "texture": "#4"},
				"east": {"uv": [4.5, 3.75, 6.5, 4.25], "texture": "#4"},
				"south": {"uv": [6.25, 3.25, 7, 3.75], "texture": "#4"},
				"west": {"uv": [4.5, 4.25, 6.5, 4.75], "texture": "#4"},
				"up": {"uv": [3.25, 4, 2.5, 2], "texture": "#4"},
				"down": {"uv": [3.75, 0, 3, 2], "texture": "#4"}
			}
		},
		{
			"from": [6.75, 4.32681, 10.67779],
			"to": [9.75, 10.32681, 12.67779],
			"rotation": {"angle": 22.5, "axis": "x", "origin": [8.25, 7.32681, 11.67779]},
			"faces": {
				"north": {"uv": [3.75, 3.75, 4.5, 5.25], "texture": "#4"},
				"east": {"uv": [1.5, 4.75, 2, 6.25], "texture": "#4"},
				"south": {"uv": [2.5, 4, 3.25, 5.5], "texture": "#4"},
				"west": {"uv": [2, 4.75, 2.5, 6.25], "texture": "#4"},
				"up": {"uv": [7, 5.25, 6.25, 4.75], "texture": "#4"},
				"down": {"uv": [7, 5.25, 6.25, 5.75], "texture": "#4"}
			}
		},
		{
			"from": [6.75, 2.7872, 2.41374],
			"to": [9.75, 6.7872, 4.41374],
			"rotation": {"angle": -45, "axis": "x", "origin": [8.25, 5.7872, 3.41374]},
			"faces": {
				"north": {"uv": [5.25, 2.25, 6, 3.25], "texture": "#4"},
				"east": {"uv": [6.25, 1.25, 6.75, 2.25], "texture": "#4"},
				"south": {"uv": [3.25, 5.25, 4, 6.25], "texture": "#4"},
				"west": {"uv": [1.5, 6.25, 2, 7.25], "texture": "#4"},
				"up": {"uv": [7.25, 0.5, 6.5, 0], "texture": "#4"},
				"down": {"uv": [7.25, 0.5, 6.5, 1], "texture": "#4"}
			}
		},
		{
			"from": [7.748, 22.23782, 6.5403],
			"to": [8.752, 27.24182, 8.5443],
			"rotation": {"angle": 22.5, "axis": "x", "origin": [8.75, 20.73982, 10.5423]},
			"faces": {
				"north": {"uv": [0.75, 7.25, 1, 8.5], "texture": "#4"},
				"east": {"uv": [6.5, 0, 6, 1.25], "texture": "#4"},
				"south": {"uv": [1.5, 7.25, 1.75, 8.5], "texture": "#4"},
				"west": {"uv": [6, 0, 6.5, 1.25], "texture": "#4"},
				"up": {"uv": [7.75, 6.75, 7.5, 6.25], "texture": "#4"},
				"down": {"uv": [6.75, 7.5, 6.5, 8], "texture": "#4"}
			}
		},
		{
			"from": [6.749, -6.60434, 10.54241],
			"to": [9.751, -4.60234, 14.54441],
			"rotation": {"angle": -45, "axis": "x", "origin": [8.75, -9.37184, 9.54341]},
			"faces": {
				"north": {"uv": [6.5, 3.75, 7.25, 4.25], "texture": "#4"},
				"east": {"uv": [6.25, 2.25, 7.25, 2.75], "texture": "#4"},
				"south": {"uv": [4, 6.5, 4.75, 7], "texture": "#4"},
				"west": {"uv": [6.25, 2.75, 7.25, 3.25], "texture": "#4"},
				"up": {"uv": [3.25, 6.5, 2.5, 5.5], "texture": "#4"},
				"down": {"uv": [4.75, 5.5, 4, 6.5], "texture": "#4"}
			}
		},
		{
			"from": [6.75, -6.11368, 7.27623],
			"to": [9.75, -4.11368, 9.27623],
			"rotation": {"angle": -22.5, "axis": "x", "origin": [8.75, -8.88219, 10.27623]},
			"faces": {
				"north": {"uv": [6.5, 4.25, 7.25, 4.75], "texture": "#4"},
				"east": {"uv": [7.25, 2.5, 7.75, 3], "texture": "#4"},
				"south": {"uv": [6, 6.5, 6.75, 7], "texture": "#4"},
				"west": {"uv": [4.75, 7.25, 5.25, 7.75], "texture": "#4"},
				"up": {"uv": [7.5, 1.5, 6.75, 1], "texture": "#4"},
				"down": {"uv": [7.5, 1.5, 6.75, 2], "texture": "#4"}
			}
		},
		{
			"from": [6.751, -7.64342, 3.31055],
			"to": [9.749, -5.64542, 5.30855],
			"rotation": {"angle": 22.5, "axis": "x", "origin": [8.75, -10.41292, 6.30955]},
			"faces": {
				"north": {"uv": [4.75, 6.75, 5.5, 7.25], "texture": "#4"},
				"east": {"uv": [7.25, 7, 7.75, 7.5], "texture": "#4"},
				"south": {"uv": [6.75, 6.5, 7.5, 7], "texture": "#4"},
				"west": {"uv": [7.5, 1, 8, 1.5], "texture": "#4"},
				"up": {"uv": [7.75, 3.75, 7, 3.25], "texture": "#4"},
				"down": {"uv": [4.75, 7, 4, 7.5], "texture": "#4"}
			}
		},
		{
			"from": [6.752, -6.39854, 4.14057],
			"to": [9.748, -4.40254, 6.13657],
			"rotation": {"angle": -22.5, "axis": "x", "origin": [8.25, -5.40054, 5.13857]},
			"faces": {
				"north": {"uv": [7, 4.75, 7.75, 5.25], "texture": "#4"},
				"east": {"uv": [7.5, 1.5, 8, 2], "texture": "#4"},
				"south": {"uv": [7, 5.25, 7.75, 5.75], "texture": "#4"},
				"west": {"uv": [7.5, 3.75, 8, 4.25], "texture": "#4"},
				"up": {"uv": [7.75, 6.25, 7, 5.75], "texture": "#4"},
				"down": {"uv": [6.75, 7, 6, 7.5], "texture": "#4"}
			}
		}
	],
	"gui_light": "front",
	"display": {
		"thirdperson_righthand": {
			"translation": [0, 4.5, 0],
			"scale": [0.8, 0.8, 0.8]
		},
		"thirdperson_lefthand": {
			"translation": [0, 4.5, 0],
			"scale": [0.8, 0.8, 0.8]
		},
		"firstperson_righthand": {
			"rotation": [-26, -6, -30],
			"translation": [13.25, -0.75, -9.75],
			"scale": [0.75, 0.75, 0.75]
		},
		"firstperson_lefthand": {
			"rotation": [-26, -6, -30],
			"translation": [13.25, -0.75, -9.75],
			"scale": [0.75, 0.75, 0.75]
		},
		"ground": {
			"rotation": [-150, 35, 0],
			"translation": [0, 3.5, 4],
			"scale": [0.5, 0.5, 0.5]
		},
		"gui": {
			"rotation": [-90, -45, -90],
			"translation": [-1.5, -1, 0],
			"scale": [0.53, 0.53, 0.53]
		},
		"fixed": {
			"rotation": [-90, 45, 90],
			"translation": [1.75, -1.25, -0.25],
			"scale": [0.6, 0.6, 0.6]
		}
	},
	"groups": [
		{
			"name": "runeblade",
			"origin": [8, 8, 8],
			"color": 0,
			"children": [0, 1, 2, 3, 4, 5, 6, 7, 8, 9, 10, 11, 12, 13, 14, 15, 16]
		}
	]
}