﻿{
	"providers": [
		{
			"type": "bitmap",
			"file": "space:font/space_split.png",
			"ascent": -32768,
			"height": -3,
			"chars": [ "" ]
		},
		{
			"type": "bitmap",
			"file": "space:font/space_split.png",
			"ascent": -32768,
			"height": -4,
			"chars": [ "" ]
		},
		{
			"type": "bitmap",
			"file": "space:font/space_split.png",
			"ascent": -32768,
			"height": -5,
			"chars": [ "" ]
		},
		{
			"type": "bitmap",
			"file": "space:font/space_split.png",
			"ascent": -32768,
			"height": -6,
			"chars": [ "" ]
		},
		{
			"type": "bitmap",
			"file": "space:font/space_split.png",
			"ascent": -32768,
			"height": -7,
			"chars": [ "" ]
		},
		{
			"type": "bitmap",
			"file": "space:font/space_split.png",
			"ascent": -32768,
			"height": -8,
			"chars": [ "" ]
		},
		{
			"type": "bitmap",
			"file": "space:font/space_split.png",
			"ascent": -32768,
			"height": -9,
			"chars": [ "" ]
		},
		{
			"type": "bitmap",
			"file": "space:font/space_split.png",
			"ascent": -32768,
			"height": -10,
			"chars": [ "" ]
		},
		{
			"type": "bitmap",
			"file": "space:font/space_split.png",
			"ascent": -32768,
			"height": -18,
			"chars": [ "" ]
		},
		{
			"type": "bitmap",
			"file": "space:font/space_split.png",
			"ascent": -32768,
			"height": -34,
			"chars": [ "" ]
		},
		{
			"type": "bitmap",
			"file": "space:font/space_split.png",
			"ascent": -32768,
			"height": -66,
			"chars": [ "" ]
		},
		{
			"type": "bitmap",
			"file": "space:font/space_split.png",
			"ascent": -32768,
			"height": -130,
			"chars": [ "" ]
		},
		{
			"type": "bitmap",
			"file": "space:font/space_split.png",
			"ascent": -32768,
			"height": -258,
			"chars": [ "" ]
		},
		{
			"type": "bitmap",
			"file": "space:font/space_split.png",
			"ascent": -32768,
			"height": -514,
			"chars": [ "" ]
		},
		{
			"type": "bitmap",
			"file": "space:font/space_split.png",
			"ascent": -32768,
			"height": -1026,
			"chars": [ "" ]
		},
		{
			"type": "bitmap",
			"file": "space:font/space_split.png",
			"ascent": -65536,
			"height": -32770,
			"chars": [ "" ]
		},
		{
			"type": "bitmap",
			"file": "space:font/space_split.png",
			"ascent": -32768,
			"height": 0,
			"chars": [ "" ]
		},
		{
			"type": "bitmap",
			"file": "space:font/space_split.png",
			"ascent": -32768,
			"height": 1,
			"chars": [ "" ]
		},
		{
			"type": "bitmap",
			"file": "space:font/space_split.png",
			"ascent": -32768,
			"height": 2,
			"chars": [ "" ]
		},
		{
			"type": "bitmap",
			"file": "space:font/space_split.png",
			"ascent": -32768,
			"height": 3,
			"chars": [ "" ]
		},
		{
			"type": "bitmap",
			"file": "space:font/space_split.png",
			"ascent": -32768,
			"height": 4,
			"chars": [ "" ]
		},
		{
			"type": "bitmap",
			"file": "space:font/space_split.png",
			"ascent": -32768,
			"height": 5,
			"chars": [ "" ]
		},
		{
			"type": "bitmap",
			"file": "space:font/space_split.png",
			"ascent": -32768,
			"height": 6,
			"chars": [ "" ]
		},
		{
			"type": "bitmap",
			"file": "space:font/space_split.png",
			"ascent": -32768,
			"height": 7,
			"chars": [ "" ]
		},
		{
			"type": "bitmap",
			"file": "space:font/space_split.png",
			"ascent": -32768,
			"height": 15,
			"chars": [ "" ]
		},
		{
			"type": "bitmap",
			"file": "space:font/space_split.png",
			"ascent": -32768,
			"height": 31,
			"chars": [ "" ]
		},
		{
			"type": "bitmap",
			"file": "space:font/space_split.png",
			"ascent": -32768,
			"height": 63,
			"chars": [ "" ]
		},
		{
			"type": "bitmap",
			"file": "space:font/space_split.png",
			"ascent": -32768,
			"height": 127,
			"chars": [ "" ]
		},
		{
			"type": "bitmap",
			"file": "space:font/space_split.png",
			"ascent": -32768,
			"height": 255,
			"chars": [ "" ]
		},
		{
			"type": "bitmap",
			"file": "space:font/space_split.png",
			"ascent": -32768,
			"height": 511,
			"chars": [ "" ]
		},
		{
			"type": "bitmap",
			"file": "space:font/space_split.png",
			"ascent": -32768,
			"height": 1023,
			"chars": [ "" ]
		},
		{
			"type": "bitmap",
			"file": "space:font/space_split.png",
			"ascent": -65536,
			"height": 32767,
			"chars": [ "" ]
		},
		{
			"type": "bitmap",
			"file": "space:font/space_nosplit.png",
			"ascent": -32768,
			"height": -3,
			"chars": [ "" ]
		},
		{
			"type": "bitmap",
			"file": "space:font/space_nosplit.png",
			"ascent": -32768,
			"height": -4,
			"chars": [ "" ]
		},
		{
			"type": "bitmap",
			"file": "space:font/space_nosplit.png",
			"ascent": -32768,
			"height": -5,
			"chars": [ "" ]
		},
		{
			"type": "bitmap",
			"file": "space:font/space_nosplit.png",
			"ascent": -32768,
			"height": -6,
			"chars": [ "" ]
		},
		{
			"type": "bitmap",
			"file": "space:font/space_nosplit.png",
			"ascent": -32768,
			"height": -7,
			"chars": [ "" ]
		},
		{
			"type": "bitmap",
			"file": "space:font/space_nosplit.png",
			"ascent": -32768,
			"height": -8,
			"chars": [ "" ]
		},
		{
			"type": "bitmap",
			"file": "space:font/space_nosplit.png",
			"ascent": -32768,
			"height": -9,
			"chars": [ "" ]
		},
		{
			"type": "bitmap",
			"file": "space:font/space_nosplit.png",
			"ascent": -32768,
			"height": -10,
			"chars": [ "" ]
		},
		{
			"type": "bitmap",
			"file": "space:font/space_nosplit.png",
			"ascent": -32768,
			"height": -18,
			"chars": [ "" ]
		},
		{
			"type": "bitmap",
			"file": "space:font/space_nosplit.png",
			"ascent": -32768,
			"height": -34,
			"chars": [ "" ]
		},
		{
			"type": "bitmap",
			"file": "space:font/space_nosplit.png",
			"ascent": -32768,
			"height": -66,
			"chars": [ "" ]
		},
		{
			"type": "bitmap",
			"file": "space:font/space_nosplit.png",
			"ascent": -32768,
			"height": -130,
			"chars": [ "" ]
		},
		{
			"type": "bitmap",
			"file": "space:font/space_nosplit.png",
			"ascent": -32768,
			"height": -258,
			"chars": [ "" ]
		},
		{
			"type": "bitmap",
			"file": "space:font/space_nosplit.png",
			"ascent": -32768,
			"height": -514,
			"chars": [ "" ]
		},
		{
			"type": "bitmap",
			"file": "space:font/space_nosplit.png",
			"ascent": -32768,
			"height": -1026,
			"chars": [ "" ]
		},
		{
			"type": "bitmap",
			"file": "space:font/space_nosplit.png",
			"ascent": -65536,
			"height": -32770,
			"chars": [ "" ]
		},
		{
			"type": "bitmap",
			"file": "space:font/space_nosplit.png",
			"ascent": -32768,
			"height": 0,
			"chars": [ "" ]
		},
		{
			"type": "bitmap",
			"file": "space:font/space_nosplit.png",
			"ascent": -32768,
			"height": 1,
			"chars": [ "" ]
		},
		{
			"type": "bitmap",
			"file": "space:font/space_nosplit.png",
			"ascent": -32768,
			"height": 2,
			"chars": [ "" ]
		},
		{
			"type": "bitmap",
			"file": "space:font/space_nosplit.png",
			"ascent": -32768,
			"height": 3,
			"chars": [ "" ]
		},
		{
			"type": "bitmap",
			"file": "space:font/space_nosplit.png",
			"ascent": -32768,
			"height": 4,
			"chars": [ "" ]
		},
		{
			"type": "bitmap",
			"file": "space:font/space_nosplit.png",
			"ascent": -32768,
			"height": 5,
			"chars": [ "" ]
		},
		{
			"type": "bitmap",
			"file": "space:font/space_nosplit.png",
			"ascent": -32768,
			"height": 6,
			"chars": [ "" ]
		},
		{
			"type": "bitmap",
			"file": "space:font/space_nosplit.png",
			"ascent": -32768,
			"height": 7,
			"chars": [ "" ]
		},
		{
			"type": "bitmap",
			"file": "space:font/space_nosplit.png",
			"ascent": -32768,
			"height": 15,
			"chars": [ "" ]
		},
		{
			"type": "bitmap",
			"file": "space:font/space_nosplit.png",
			"ascent": -32768,
			"height": 31,
			"chars": [ "" ]
		},
		{
			"type": "bitmap",
			"file": "space:font/space_nosplit.png",
			"ascent": -32768,
			"height": 63,
			"chars": [ "" ]
		},
		{
			"type": "bitmap",
			"file": "space:font/space_nosplit.png",
			"ascent": -32768,
			"height": 127,
			"chars": [ "" ]
		},
		{
			"type": "bitmap",
			"file": "space:font/space_nosplit.png",
			"ascent": -32768,
			"height": 255,
			"chars": [ "" ]
		},
		{
			"type": "bitmap",
			"file": "space:font/space_nosplit.png",
			"ascent": -32768,
			"height": 511,
			"chars": [ "" ]
		},
		{
			"type": "bitmap",
			"file": "space:font/space_nosplit.png",
			"ascent": -32768,
			"height": 1023,
			"chars": [ "" ]
		},
		{
			"type": "bitmap",
			"file": "space:font/space_nosplit.png",
			"ascent": -65536,
			"height": 32767,
			"chars": [ "" ]
		},
		{
			"type": "ttf",
			"file": "minecraft:negative_spaces.ttf",
			"shift": [ 0.0, 0.0 ],
			"size": 10.0,
			"oversample": 1.0
		},
		{
			"type": "bitmap",
			"file": "minecraft:custom/ranks/owner.png",
			"height": 8,
			"ascent": 7,
			"chars": [ "\uE001" ]
		},
		{
			"type": "bitmap",
			"file": "minecraft:custom/ranks/admin.png",
			"height": 8,
			"ascent": 7,
			"chars": [ "\uE002" ]
		},
		{
			"type": "bitmap",
			"file": "minecraft:custom/ranks/stmanager.png",
			"height": 8,
			"ascent": 7,
			"chars": [ "\uE003" ]
		},
		{
			"type": "bitmap",
			"file": "minecraft:custom/ranks/mod.png",
			"height": 8,
			"ascent": 7,
			"chars": [ "\uE004" ]
		},
		{
			"type": "bitmap",
			"file": "minecraft:custom/ranks/developer.png",
			"height": 8,
			"ascent": 7,
			"chars": [ "\uE005" ]
		},
		{
			"type": "bitmap",
			"file": "minecraft:custom/ranks/helper.png",
			"height": 8,
			"ascent": 7,
			"chars": [ "\uE006" ]
		},
		{
			"type": "bitmap",
			"file": "minecraft:custom/ranks/designer.png",
			"height": 8,
			"ascent": 7,
			"chars": [ "\uE007" ]
		},
		{
			"type": "bitmap",
			"file": "minecraft:custom/ranks/builder.png",
			"height": 8,
			"ascent": 7,
			"chars": [ "\uE008" ]
		},
		{
			"type": "bitmap",
			"file": "minecraft:custom/ranks/media.png",
			"height": 8,
			"ascent": 7,
			"chars": [ "\uE009" ]
		},
		{
			"type": "bitmap",
			"file": "minecraft:custom/ranks/player.png",
			"height": 8,
			"ascent": 7,
			"chars": [ "\uE00A" ]
		},
		{
			"type": "bitmap",
			"file": "minecraft:custom/discordlogo.png",
			"height": 24,
			"ascent": 16,
			"chars": [ "\uE00B" ]
		},
		{
			"type": "bitmap",
			"file": "minecraft:custom/logo/topleft.png",
			"height": 70,
			"ascent": 45,
			"chars": [ "\uE00C" ]
		},
		{
			"type": "bitmap",
			"file": "minecraft:custom/logo/topright.png",
			"height": 70,
			"ascent": 45,
			"chars": [ "\uE00D" ]
		},
		{
			"type": "bitmap",
			"file": "minecraft:custom/logo/bottomleft.png",
			"height": 70,
			"ascent": -7,
			"chars": [ "\uE00E" ]
		},
		{
			"type": "bitmap",
			"file": "minecraft:custom/logo/bottomright.png",
			"height": 70,
			"ascent": -7,
			"chars": [ "\uE00F" ]
		},
		{
			"type": "bitmap",
			"file": "minecraft:custom/ranks/hero.png",
			"height": 8,
			"ascent": 7,
			"chars": [ "\uE010" ]
		},
		{
			"type": "bitmap",
			"file": "minecraft:custom/ranks/lord.png",
			"height": 8,
			"ascent": 7,
			"chars": [ "\uE011" ]
		},
		{
			"type": "bitmap",
			"file": "minecraft:custom/ranks/legend.png",
			"height": 8,
			"ascent": 7,
			"chars": [ "\uE012" ]
		},
		{
			"type": "bitmap",
			"file": "minecraft:custom/ranks/king.png",
			"height": 8,
			"ascent": 7,
			"chars": [ "\uE013" ]
		},
		{
			"type": "bitmap",
			"file": "minecraft:custom/ranks/trial_helper.png",
			"height": 8,
			"ascent": 7,
			"chars": [ "\uE014" ]
		},
		{
			"type": "bitmap",
			"file": "minecraft:custom/ranks/trial_mod.png",
			"height": 8,
			"ascent": 7,
			"chars": [ "\uE015" ]
		},
		{
			"type": "bitmap",
			"file": "minecraft:custom/additions/healthbar/20hp.png",
			"height": 8,
			"ascent": 7,
			"chars": [ "\uE016" ]
		},
		{
			"type": "bitmap",
			"file": "minecraft:custom/additions/healthbar/18hp.png",
			"height": 8,
			"ascent": 7,
			"chars": [ "\uE017" ]
		},
		{
			"type": "bitmap",
			"file": "minecraft:custom/additions/healthbar/16hp.png",
			"height": 8,
			"ascent": 7,
			"chars": [ "\uE018" ]
		},
		{
			"type": "bitmap",
			"file": "minecraft:custom/additions/healthbar/14hp.png",
			"height": 8,
			"ascent": 7,
			"chars": [ "\uE019" ]
		},
		{
			"type": "bitmap",
			"file": "minecraft:custom/additions/healthbar/12hp.png",
			"height": 8,
			"ascent": 7,
			"chars": [ "\uE01A" ]
		},
		{
			"type": "bitmap",
			"file": "minecraft:custom/additions/healthbar/10hp.png",
			"height": 8,
			"ascent": 7,
			"chars": [ "\uE01B" ]
		},
		{
			"type": "bitmap",
			"file": "minecraft:custom/additions/healthbar/8hp.png",
			"height": 8,
			"ascent": 7,
			"chars": [ "\uE01C" ]
		},
		{
			"type": "bitmap",
			"file": "minecraft:custom/additions/healthbar/6hp.png",
			"height": 8,
			"ascent": 7,
			"chars": [ "\uE01D" ]
		},
		{
			"type": "bitmap",
			"file": "minecraft:custom/additions/healthbar/4hp.png",
			"height": 8,
			"ascent": 7,
			"chars": [ "\uE01E" ]
		},
		{
			"type": "bitmap",
			"file": "minecraft:custom/additions/healthbar/2hp.png",
			"height": 8,
			"ascent": 7,
			"chars": [ "\uE01F" ]
		},
		{
			"type": "bitmap",
			"file": "minecraft:custom/additions/healthbar/0hp.png",
			"height": 8,
			"ascent": 7,
			"chars": [ "\uE020" ]
		},
		{
			"type": "bitmap",
			"file": "minecraft:custom/additions/healthbar/8ahp.png",
			"height": 8,
			"ascent": 7,
			"chars": [ "\uE021" ]
		},
		{
			"type": "bitmap",
			"file": "minecraft:custom/additions/healthbar/6ahp.png",
			"height": 8,
			"ascent": 7,
			"chars": [ "\uE022" ]
		},
		{
			"type": "bitmap",
			"file": "minecraft:custom/additions/healthbar/4ahp.png",
			"height": 8,
			"ascent": 7,
			"chars": [ "\uE023" ]
		},
		{
			"type": "bitmap",
			"file": "minecraft:custom/additions/healthbar/2ahp.png",
			"height": 8,
			"ascent": 7,
			"chars": [ "\uE024" ]
		},
		{
			"type": "bitmap",
			"file": "minecraft:custom/additions/healthbox/healthicon.png",
			"height": 8,
			"ascent": 7,
			"chars": [ "\uE025" ]
		},
		{
			"type": "bitmap",
			"file": "minecraft:custom/additions/healthbox/num_one.png",
			"height": 8,
			"ascent": 7,
			"chars": [ "\uE026" ]
		},
		{
			"type": "bitmap",
			"file": "minecraft:custom/additions/healthbox/num_two.png",
			"height": 8,
			"ascent": 7,
			"chars": [ "\uE027" ]
		},
		{
			"type": "bitmap",
			"file": "minecraft:custom/additions/healthbox/num_three.png",
			"height": 8,
			"ascent": 7,
			"chars": [ "\uE028" ]
		},
		{
			"type": "bitmap",
			"file": "minecraft:custom/additions/healthbox/num_four.png",
			"height": 8,
			"ascent": 7,
			"chars": [ "\uE029" ]
		},
		{
			"type": "bitmap",
			"file": "minecraft:custom/additions/healthbox/num_five.png",
			"height": 8,
			"ascent": 7,
			"chars": [ "\uE02A" ]
		},
		{
			"type": "bitmap",
			"file": "minecraft:custom/additions/healthbox/num_six.png",
			"height": 8,
			"ascent": 7,
			"chars": [ "\uE02B" ]
		},
		{
			"type": "bitmap",
			"file": "minecraft:custom/additions/healthbox/num_seven.png",
			"height": 8,
			"ascent": 7,
			"chars": [ "\uE02C" ]
		},
		{
			"type": "bitmap",
			"file": "minecraft:custom/additions/healthbox/num_eight.png",
			"height": 8,
			"ascent": 7,
			"chars": [ "\uE02D" ]
		},
		{
			"type": "bitmap",
			"file": "minecraft:custom/additions/healthbox/num_nine.png",
			"height": 8,
			"ascent": 7,
			"chars": [ "\uE02E" ]
		},
		{
			"type": "bitmap",
			"file": "minecraft:custom/additions/healthbox/num_zero.png",
			"height": 8,
			"ascent": 7,
			"chars": [ "\uE02F" ]
		},
		{
			"type": "bitmap",
			"file": "minecraft:custom/black.png",
			"height": 256,
			"ascent": 45,
			"chars": [ "\uEFFF" ]
		}
	]
}
